new_itemID,artistID,variant,original_idx
0,2,1,3882
1,2,2,3883
2,2,3,3884
3,2,4,3885
4,2,5,3886
5,6,1,7221
6,6,2,7222
7,6,3,7223
8,6,4,7224
9,6,5,7225
10,7,1,7558
11,7,2,7559
12,7,3,7560
13,7,5,7561
14,8,1,7939
15,8,2,7940
16,8,4,7941
17,8,5,7942
18,10,1,324
19,10,2,325
20,10,3,326
21,10,4,327
22,10,5,328
23,11,1,720
24,11,3,721
25,11,4,722
26,11,5,723
27,12,1,1015
28,12,2,1016
29,12,3,1017
30,12,4,1018
31,12,5,1019
32,13,1,1266
33,13,2,1267
34,13,3,1268
35,13,4,1269
36,13,5,1270
37,15,1,1801
38,15,2,1802
39,15,3,1803
40,15,4,1804
41,15,5,1805
42,16,1,2028
43,16,2,2029
44,16,3,2030
45,16,4,2031
46,16,5,2032
47,17,1,2320
48,17,2,2321
49,17,3,2322
50,17,4,2323
51,18,1,2660
52,18,2,2661
53,18,3,2662
54,18,4,2663
55,18,5,2664
56,19,1,2964
57,19,2,2965
58,19,3,2966
59,19,4,2967
60,19,5,2968
61,25,1,3729
62,25,2,3730
63,25,3,3731
64,25,4,3732
65,25,5,3733
66,27,1,3794
67,27,2,3795
68,27,3,3796
69,27,4,3797
70,28,1,3827
71,28,2,3828
72,28,3,3829
73,28,4,3830
74,28,5,3831
75,30,1,3937
76,30,2,3938
77,30,3,3939
78,30,4,3940
79,30,5,3941
80,32,1,4032
81,32,2,4033
82,32,3,4034
83,32,4,4035
84,32,5,4036
85,34,1,4095
86,34,2,4096
87,34,3,4097
88,34,4,4098
89,34,5,4099
90,36,1,4165
91,36,2,4166
92,36,3,4167
93,36,4,4168
94,36,5,4169
95,38,1,4228
96,38,2,4229
97,38,3,4230
98,38,4,4231
99,38,5,4232
100,39,1,4250
101,39,2,4251
102,39,3,4252
103,39,4,4253
104,39,5,4254
105,40,1,4284
106,40,2,4285
107,40,3,4286
108,40,4,4287
109,40,5,4288
110,41,1,4489
111,41,2,4490
112,41,3,4491
113,41,4,4492
114,41,5,4493
115,45,1,5118
116,45,2,5119
117,45,3,5120
118,45,4,5121
119,45,5,5122
120,46,1,5244
121,46,2,5245
122,46,3,5246
123,46,4,5247
124,46,5,5248
125,47,1,5409
126,47,2,5410
127,47,3,5411
128,47,4,5412
129,47,5,5413
130,49,1,5690
131,49,2,5691
132,49,3,5692
133,49,4,5693
134,49,5,5694
135,51,1,5952
136,51,2,5953
137,51,3,5954
138,51,4,5955
139,51,5,5956
140,52,1,6099
141,52,2,6100
142,52,3,6101
143,52,4,6102
144,52,5,6103
145,53,1,6200
146,53,2,6201
147,53,3,6202
148,53,4,6203
149,53,5,6204
150,54,1,6370
151,54,2,6371
152,54,3,6372
153,54,4,6373
154,54,5,6374
155,55,1,6408
156,55,2,6409
157,55,3,6410
158,55,4,6411
159,55,5,6412
160,56,1,6511
161,56,2,6512
162,56,3,6513
163,56,4,6514
164,56,5,6515
165,57,1,6591
166,57,2,6592
167,57,3,6593
168,57,4,6594
169,57,5,6595
170,58,1,6673
171,58,2,6674
172,58,3,6675
173,58,4,6676
174,58,5,6677
175,59,1,6774
176,59,2,6775
177,59,3,6776
178,59,4,6777
179,59,5,6778
180,61,1,6988
181,61,2,6989
182,61,3,6990
183,61,4,6991
184,61,5,6992
185,63,1,7060
186,63,2,7061
187,63,3,7062
188,63,4,7063
189,63,5,7064
190,64,1,7080
191,64,2,7081
192,64,4,7082
193,64,5,7083
194,65,1,7089
195,65,2,7090
196,65,3,7091
197,65,4,7092
198,65,5,7093
199,66,1,7110
200,66,2,7111
201,66,3,7112
202,66,4,7113
203,66,5,7114
204,67,1,7127
205,67,2,7128
206,67,3,7129
207,67,4,7130
208,67,5,7131
209,68,1,7172
210,68,2,7173
211,68,3,7174
212,68,4,7175
213,68,5,7176
214,69,1,7216
215,69,2,7217
216,69,3,7218
217,69,4,7219
218,69,5,7220
219,70,1,7266
220,70,2,7267
221,70,3,7268
222,70,4,7269
223,70,5,7270
224,71,1,7308
225,71,2,7309
226,71,3,7310
227,71,4,7311
228,71,5,7312
229,72,1,7347
230,72,2,7348
231,72,3,7349
232,72,4,7350
233,72,5,7351
234,73,1,7381
235,73,2,7382
236,73,3,7383
237,73,4,7384
238,73,5,7385
239,75,1,7430
240,75,2,7431
241,75,3,7432
242,75,4,7433
243,75,5,7434
244,76,1,7454
245,76,2,7455
246,76,3,7456
247,76,4,7457
248,76,5,7458
249,77,1,7483
250,77,2,7484
251,77,3,7485
252,77,4,7486
253,77,5,7487
254,80,1,7597
255,80,2,7598
256,80,3,7599
257,80,4,7600
258,80,5,7601
259,81,1,7640
260,81,2,7641
261,81,3,7642
262,81,4,7643
263,81,5,7644
264,82,2,7678
265,82,3,7679
266,82,4,7680
267,82,5,7681
268,84,1,7744
269,84,2,7745
270,84,3,7746
271,84,4,7747
272,84,5,7748
273,85,1,7783
274,85,2,7784
275,85,3,7785
276,85,4,7786
277,85,5,7787
278,86,1,7837
279,86,2,7838
280,86,3,7839
281,86,4,7840
282,86,5,7841
283,88,1,7906
284,88,2,7907
285,88,3,7908
286,88,4,7909
287,88,5,7910
288,89,1,7934
289,89,2,7935
290,89,3,7936
291,89,4,7937
292,89,5,7938
293,90,1,7982
294,90,2,7983
295,90,3,7984
296,90,4,7985
297,90,5,7986
298,91,1,8028
299,91,2,8029
300,91,3,8030
301,91,4,8031
302,91,5,8032
303,93,1,8083
304,93,2,8084
305,93,3,8085
306,93,4,8086
307,93,5,8087
308,100,1,34
309,100,2,35
310,100,3,36
311,100,4,37
312,100,5,38
313,101,1,65
314,101,2,66
315,101,3,67
316,101,4,68
317,101,5,69
318,103,1,123
319,103,2,124
320,103,3,125
321,103,4,126
322,103,5,127
323,107,1,258
324,107,2,259
325,107,3,260
326,107,4,261
327,107,5,262
328,126,1,936
329,126,2,937
330,126,3,938
331,126,4,939
332,137,1,1177
333,137,2,1178
334,137,3,1179
335,137,4,1180
336,137,5,1181
337,138,1,1222
338,138,2,1223
339,138,3,1224
340,138,5,1225
341,151,1,1628
342,151,2,1629
343,151,3,1630
344,151,4,1631
345,151,5,1632
346,152,4,1668
347,152,5,1669
348,153,1,1695
349,153,2,1696
350,153,3,1697
351,153,4,1698
352,153,5,1699
353,154,1,1725
354,154,2,1726
355,154,3,1727
356,154,4,1728
357,154,5,1729
358,155,1,1758
359,155,2,1759
360,155,3,1760
361,155,4,1761
362,155,5,1762
363,156,1,1768
364,156,2,1769
365,156,3,1770
366,156,4,1771
367,156,5,1772
368,157,1,1777
369,157,2,1778
370,157,3,1779
371,157,4,1780
372,157,5,1781
373,159,1,1796
374,159,2,1797
375,159,3,1798
376,159,4,1799
377,159,5,1800
378,161,1,1835
379,161,2,1836
380,161,3,1837
381,161,4,1838
382,161,5,1839
383,162,1,1855
384,162,2,1856
385,162,3,1857
386,162,4,1858
387,162,5,1859
388,163,1,1884
389,163,3,1885
390,163,4,1886
391,163,5,1887
392,165,1,1921
393,165,3,1922
394,165,4,1923
395,165,5,1924
396,166,1,1939
397,166,2,1940
398,166,3,1941
399,166,4,1942
400,166,5,1943
401,167,1,1970
402,167,2,1971
403,167,3,1972
404,167,4,1973
405,167,5,1974
406,170,1,2075
407,170,2,2076
408,170,3,2077
409,170,4,2078
410,170,5,2079
411,171,1,2110
412,171,2,2111
413,171,3,2112
414,171,4,2113
415,171,5,2114
416,172,1,2134
417,172,2,2135
418,172,3,2136
419,172,4,2137
420,172,5,2138
421,173,1,2164
422,173,2,2165
423,173,3,2166
424,173,4,2167
425,173,5,2168
426,174,1,2184
427,174,2,2185
428,174,3,2186
429,174,4,2187
430,174,5,2188
431,175,1,2199
432,175,2,2200
433,175,3,2201
434,175,4,2202
435,175,5,2203
436,176,1,2233
437,176,2,2234
438,176,3,2235
439,176,4,2236
440,176,5,2237
441,178,1,2287
442,178,2,2288
443,178,3,2289
444,178,4,2290
445,178,5,2291
446,180,1,2364
447,180,2,2365
448,180,3,2366
449,180,4,2367
450,180,5,2368
451,181,1,2404
452,181,2,2405
453,181,3,2406
454,181,4,2407
455,181,5,2408
456,182,1,2433
457,182,2,2434
458,182,3,2435
459,182,4,2436
460,182,5,2437
461,183,1,2468
462,183,2,2469
463,183,3,2470
464,183,4,2471
465,183,5,2472
466,184,1,2483
467,184,2,2484
468,184,3,2485
469,184,4,2486
470,184,5,2487
471,185,1,2518
472,185,2,2519
473,185,3,2520
474,185,4,2521
475,185,5,2522
476,186,1,2548
477,186,2,2549
478,186,3,2550
479,186,4,2551
480,187,1,2575
481,187,2,2576
482,187,3,2577
483,187,4,2578
484,187,5,2579
485,188,1,2615
486,188,2,2616
487,188,3,2617
488,188,4,2618
489,188,5,2619
490,189,1,2655
491,189,2,2656
492,189,3,2657
493,189,4,2658
494,189,5,2659
495,190,1,2684
496,190,2,2685
497,190,3,2686
498,190,4,2687
499,190,5,2688
500,191,1,2703
501,191,2,2704
502,191,3,2705
503,191,4,2706
504,191,5,2707
505,192,1,2718
506,192,2,2719
507,192,3,2720
508,192,4,2721
509,192,5,2722
510,193,1,2742
511,193,2,2743
512,193,3,2744
513,193,4,2745
514,193,5,2746
515,194,1,2776
516,194,2,2777
517,194,3,2778
518,194,4,2779
519,194,5,2780
520,195,1,2813
521,195,2,2814
522,195,3,2815
523,195,4,2816
524,195,5,2817
525,196,1,2845
526,196,2,2846
527,196,3,2847
528,196,4,2848
529,196,5,2849
530,197,1,2890
531,197,2,2891
532,197,3,2892
533,197,4,2893
534,197,5,2894
535,198,1,2934
536,198,2,2935
537,198,3,2936
538,198,4,2937
539,198,5,2938
540,199,1,2959
541,199,2,2960
542,199,3,2961
543,199,4,2962
544,199,5,2963
545,200,1,2984
546,200,2,2985
547,200,3,2986
548,200,4,2987
549,200,5,2988
550,201,1,3008
551,201,2,3009
552,201,3,3010
553,201,4,3011
554,201,5,3012
555,202,1,3056
556,202,2,3057
557,202,3,3058
558,202,4,3059
559,202,5,3060
560,203,1,3081
561,203,2,3082
562,203,3,3083
563,203,4,3084
564,203,5,3085
565,204,1,3099
566,204,2,3100
567,204,3,3101
568,204,4,3102
569,204,5,3103
570,205,1,3121
571,205,2,3122
572,205,3,3123
573,205,5,3124
574,206,1,3140
575,206,2,3141
576,206,3,3142
577,206,4,3143
578,206,5,3144
579,207,1,3160
580,207,2,3161
581,207,3,3162
582,207,4,3163
583,207,5,3164
584,208,1,3193
585,208,2,3194
586,208,3,3195
587,208,4,3196
588,208,5,3197
589,209,1,3218
590,209,2,3219
591,209,3,3220
592,209,4,3221
593,209,5,3222
594,210,1,3238
595,210,2,3239
596,210,3,3240
597,210,4,3241
598,210,5,3242
599,211,1,3248
600,211,2,3249
601,211,3,3250
602,211,4,3251
603,211,5,3252
604,212,1,3272
605,212,2,3273
606,212,3,3274
607,212,4,3275
608,212,5,3276
609,214,1,3328
610,214,2,3329
611,214,3,3330
612,214,4,3331
613,214,5,3332
614,215,1,3351
615,215,2,3352
616,215,3,3353
617,215,4,3354
618,215,5,3355
619,216,1,3365
620,216,2,3366
621,216,3,3367
622,216,4,3368
623,216,5,3369
624,217,1,3395
625,217,2,3396
626,217,3,3397
627,217,4,3398
628,217,5,3399
629,218,1,3410
630,218,2,3411
631,218,3,3412
632,218,4,3413
633,218,5,3414
634,219,2,3430
635,219,4,3431
636,219,5,3432
637,220,1,3453
638,220,2,3454
639,220,3,3455
640,220,4,3456
641,220,5,3457
642,221,1,3469
643,221,2,3470
644,221,3,3471
645,221,4,3472
646,221,5,3473
647,222,1,3488
648,222,2,3489
649,222,3,3490
650,222,4,3491
651,222,5,3492
652,223,1,3497
653,223,2,3498
654,223,3,3499
655,223,4,3500
656,223,5,3501
657,225,1,3520
658,225,2,3521
659,225,3,3522
660,225,4,3523
661,225,5,3524
662,226,1,3542
663,226,2,3543
664,226,3,3544
665,226,4,3545
666,226,5,3546
667,227,1,3564
668,227,2,3565
669,227,3,3566
670,227,4,3567
671,227,5,3568
672,228,1,3581
673,228,2,3582
674,228,3,3583
675,228,4,3584
676,228,5,3585
677,229,1,3591
678,229,2,3592
679,229,3,3593
680,229,4,3594
681,229,5,3595
682,230,1,3601
683,230,2,3602
684,230,3,3603
685,230,4,3604
686,230,5,3605
687,231,1,3611
688,231,2,3612
689,231,3,3613
690,231,4,3614
691,231,5,3615
692,233,1,3631
693,233,2,3632
694,233,3,3633
695,233,4,3634
696,233,5,3635
697,234,1,3636
698,234,2,3637
699,234,3,3638
700,234,4,3639
701,234,5,3640
702,235,2,3641
703,235,3,3642
704,235,4,3643
705,235,5,3644
706,236,1,3645
707,236,2,3646
708,236,3,3647
709,236,4,3648
710,236,5,3649
711,237,1,3650
712,237,2,3651
713,237,3,3652
714,237,4,3653
715,237,5,3654
716,238,1,3655
717,238,2,3656
718,238,3,3657
719,238,4,3658
720,238,5,3659
721,239,1,3660
722,239,2,3661
723,239,3,3662
724,239,4,3663
725,239,5,3664
726,240,1,3665
727,240,2,3666
728,240,3,3667
729,240,4,3668
730,240,5,3669
731,241,1,3670
732,241,2,3671
733,241,3,3672
734,241,4,3673
735,241,5,3674
736,245,1,3675
737,245,2,3676
738,245,3,3677
739,245,4,3678
740,245,5,3679
741,246,1,3680
742,246,2,3681
743,246,3,3682
744,246,4,3683
745,246,5,3684
746,247,1,3685
747,247,2,3686
748,247,3,3687
749,247,4,3688
750,247,5,3689
751,249,1,3690
752,249,2,3691
753,249,3,3692
754,249,4,3693
755,249,5,3694
756,250,1,3695
757,250,2,3696
758,250,3,3697
759,250,4,3698
760,250,5,3699
761,251,1,3700
762,251,2,3701
763,251,3,3702
764,251,4,3703
765,251,5,3704
766,252,1,3705
767,252,2,3706
768,252,3,3707
769,252,4,3708
770,252,5,3709
771,253,1,3710
772,253,2,3711
773,253,3,3712
774,253,5,3713
775,256,1,3714
776,256,2,3715
777,256,3,3716
778,256,4,3717
779,256,5,3718
780,257,1,3719
781,257,2,3720
782,257,3,3721
783,257,4,3722
784,257,5,3723
785,258,1,3724
786,258,2,3725
787,258,3,3726
788,258,4,3727
789,258,5,3728
790,261,1,3734
791,261,2,3735
792,261,3,3736
793,261,4,3737
794,261,5,3738
795,262,1,3739
796,262,2,3740
797,262,3,3741
798,262,4,3742
799,262,5,3743
800,263,1,3744
801,263,2,3745
802,263,3,3746
803,263,4,3747
804,263,5,3748
805,265,1,3749
806,265,2,3750
807,265,3,3751
808,265,4,3752
809,265,5,3753
810,266,1,3754
811,266,2,3755
812,266,3,3756
813,266,4,3757
814,266,5,3758
815,267,1,3759
816,267,2,3760
817,267,3,3761
818,267,4,3762
819,267,5,3763
820,268,1,3764
821,268,2,3765
822,268,3,3766
823,268,4,3767
824,268,5,3768
825,270,1,3769
826,270,2,3770
827,270,3,3771
828,270,4,3772
829,270,5,3773
830,271,1,3774
831,271,2,3775
832,271,3,3776
833,271,4,3777
834,271,5,3778
835,276,1,3779
836,276,2,3780
837,276,3,3781
838,276,4,3782
839,276,5,3783
840,278,1,3784
841,278,2,3785
842,278,3,3786
843,278,4,3787
844,278,5,3788
845,279,1,3789
846,279,2,3790
847,279,3,3791
848,279,4,3792
849,279,5,3793
850,283,1,3798
851,283,2,3799
852,283,3,3800
853,283,4,3801
854,283,5,3802
855,285,1,3803
856,285,2,3804
857,285,3,3805
858,285,5,3806
859,286,1,3807
860,286,2,3808
861,286,3,3809
862,286,4,3810
863,286,5,3811
864,287,1,3812
865,287,2,3813
866,287,3,3814
867,287,4,3815
868,287,5,3816
869,288,1,3817
870,288,2,3818
871,288,3,3819
872,288,4,3820
873,288,5,3821
874,289,1,3822
875,289,2,3823
876,289,3,3824
877,289,4,3825
878,289,5,3826
879,290,1,3832
880,290,2,3833
881,290,3,3834
882,290,4,3835
883,290,5,3836
884,291,1,3837
885,291,2,3838
886,291,3,3839
887,291,4,3840
888,291,5,3841
889,292,1,3842
890,292,2,3843
891,292,3,3844
892,292,4,3845
893,292,5,3846
894,293,1,3847
895,293,2,3848
896,293,3,3849
897,293,4,3850
898,293,5,3851
899,294,1,3852
900,294,2,3853
901,294,3,3854
902,294,4,3855
903,294,5,3856
904,295,1,3857
905,295,2,3858
906,295,3,3859
907,295,4,3860
908,295,5,3861
909,296,1,3862
910,296,2,3863
911,296,3,3864
912,296,4,3865
913,296,5,3866
914,297,1,3867
915,297,2,3868
916,297,3,3869
917,297,4,3870
918,297,5,3871
919,298,1,3872
920,298,2,3873
921,298,3,3874
922,298,4,3875
923,298,5,3876
924,299,1,3877
925,299,2,3878
926,299,3,3879
927,299,4,3880
928,299,5,3881
929,300,1,3887
930,300,2,3888
931,300,3,3889
932,300,4,3890
933,300,5,3891
934,301,1,3892
935,301,2,3893
936,301,3,3894
937,301,4,3895
938,301,5,3896
939,302,1,3897
940,302,2,3898
941,302,3,3899
942,302,4,3900
943,302,5,3901
944,303,1,3902
945,303,2,3903
946,303,3,3904
947,303,4,3905
948,303,5,3906
949,304,1,3907
950,304,2,3908
951,304,3,3909
952,304,4,3910
953,304,5,3911
954,305,1,3912
955,305,2,3913
956,305,3,3914
957,305,4,3915
958,305,5,3916
959,306,1,3917
960,306,2,3918
961,306,3,3919
962,306,4,3920
963,306,5,3921
964,307,1,3922
965,307,2,3923
966,307,3,3924
967,307,4,3925
968,307,5,3926
969,308,1,3927
970,308,2,3928
971,308,3,3929
972,308,4,3930
973,308,5,3931
974,309,1,3932
975,309,2,3933
976,309,3,3934
977,309,4,3935
978,309,5,3936
979,310,1,3942
980,310,2,3943
981,310,3,3944
982,310,4,3945
983,310,5,3946
984,311,1,3947
985,311,2,3948
986,311,3,3949
987,311,4,3950
988,311,5,3951
989,313,1,3957
990,313,2,3958
991,313,3,3959
992,313,4,3960
993,313,5,3961
994,314,1,3962
995,314,2,3963
996,314,3,3964
997,314,4,3965
998,314,5,3966
999,316,1,3967
1000,316,2,3968
1001,316,3,3969
1002,316,4,3970
1003,316,5,3971
1004,317,1,3972
1005,317,2,3973
1006,317,3,3974
1007,317,4,3975
1008,317,5,3976
1009,318,1,3977
1010,318,2,3978
1011,318,3,3979
1012,318,4,3980
1013,318,5,3981
1014,320,1,3982
1015,320,2,3983
1016,320,3,3984
1017,320,4,3985
1018,320,5,3986
1019,321,1,3987
1020,321,2,3988
1021,321,3,3989
1022,321,4,3990
1023,321,5,3991
1024,322,1,3992
1025,322,2,3993
1026,322,3,3994
1027,322,4,3995
1028,322,5,3996
1029,323,1,3997
1030,323,2,3998
1031,323,3,3999
1032,323,4,4000
1033,323,5,4001
1034,324,1,4002
1035,324,2,4003
1036,324,3,4004
1037,324,4,4005
1038,324,5,4006
1039,325,1,4007
1040,325,2,4008
1041,325,3,4009
1042,325,4,4010
1043,325,5,4011
1044,326,1,4012
1045,326,2,4013
1046,326,3,4014
1047,326,4,4015
1048,326,5,4016
1049,327,1,4017
1050,327,2,4018
1051,327,3,4019
1052,327,4,4020
1053,327,5,4021
1054,328,1,4022
1055,328,2,4023
1056,328,3,4024
1057,328,4,4025
1058,328,5,4026
1059,329,1,4027
1060,329,2,4028
1061,329,3,4029
1062,329,4,4030
1063,329,5,4031
1064,330,1,4037
1065,330,2,4038
1066,330,3,4039
1067,330,4,4040
1068,330,5,4041
1069,331,1,4042
1070,331,2,4043
1071,331,3,4044
1072,331,4,4045
1073,331,5,4046
1074,332,1,4047
1075,332,2,4048
1076,332,3,4049
1077,332,4,4050
1078,332,5,4051
1079,333,1,4052
1080,333,2,4053
1081,333,3,4054
1082,333,4,4055
1083,333,5,4056
1084,334,1,4057
1085,334,2,4058
1086,334,3,4059
1087,334,4,4060
1088,334,5,4061
1089,340,1,4065
1090,340,2,4066
1091,340,3,4067
1092,340,4,4068
1093,340,5,4069
1094,342,1,4070
1095,342,2,4071
1096,342,3,4072
1097,342,4,4073
1098,342,5,4074
1099,344,1,4075
1100,344,2,4076
1101,344,3,4077
1102,344,4,4078
1103,344,5,4079
1104,346,1,4080
1105,346,2,4081
1106,346,3,4082
1107,346,4,4083
1108,346,5,4084
1109,348,1,4085
1110,348,2,4086
1111,348,3,4087
1112,348,4,4088
1113,348,5,4089
1114,349,1,4090
1115,349,2,4091
1116,349,3,4092
1117,349,4,4093
1118,349,5,4094
1119,350,1,4100
1120,350,2,4101
1121,350,3,4102
1122,350,4,4103
1123,350,5,4104
1124,352,1,4105
1125,352,2,4106
1126,352,3,4107
1127,352,4,4108
1128,352,5,4109
1129,354,1,4110
1130,354,2,4111
1131,354,3,4112
1132,354,4,4113
1133,354,5,4114
1134,355,1,4115
1135,355,2,4116
1136,355,3,4117
1137,355,4,4118
1138,355,5,4119
1139,356,1,4120
1140,356,2,4121
1141,356,3,4122
1142,356,4,4123
1143,356,5,4124
1144,357,1,4125
1145,357,2,4126
1146,357,3,4127
1147,357,4,4128
1148,357,5,4129
1149,359,1,4130
1150,359,2,4131
1151,359,3,4132
1152,359,4,4133
1153,359,5,4134
1154,360,1,4135
1155,360,2,4136
1156,360,3,4137
1157,360,4,4138
1158,360,5,4139
1159,362,1,4140
1160,362,2,4141
1161,362,3,4142
1162,362,4,4143
1163,362,5,4144
1164,364,1,4145
1165,364,2,4146
1166,364,3,4147
1167,364,4,4148
1168,364,5,4149
1169,366,1,4150
1170,366,2,4151
1171,366,3,4152
1172,366,4,4153
1173,366,5,4154
1174,367,1,4155
1175,367,2,4156
1176,367,3,4157
1177,367,4,4158
1178,367,5,4159
1179,369,1,4160
1180,369,2,4161
1181,369,3,4162
1182,369,4,4163
1183,369,5,4164
1184,370,1,4170
1185,370,2,4171
1186,370,3,4172
1187,370,4,4173
1188,370,5,4174
1189,371,1,4175
1190,371,2,4176
1191,371,3,4177
1192,371,4,4178
1193,371,5,4179
1194,374,1,4180
1195,374,2,4181
1196,374,3,4182
1197,374,4,4183
1198,374,5,4184
1199,376,2,4185
1200,376,3,4186
1201,376,4,4187
1202,376,5,4188
1203,377,1,4189
1204,377,2,4190
1205,377,3,4191
1206,377,4,4192
1207,377,5,4193
1208,378,1,4194
1209,378,2,4195
1210,378,3,4196
1211,378,4,4197
1212,378,5,4198
1213,383,1,4204
1214,383,2,4205
1215,383,3,4206
1216,383,4,4207
1217,383,5,4208
1218,384,1,4209
1219,384,2,4210
1220,384,3,4211
1221,384,4,4212
1222,384,5,4213
1223,386,1,4214
1224,386,3,4215
1225,386,4,4216
1226,386,5,4217
1227,388,1,4218
1228,388,2,4219
1229,388,3,4220
1230,388,4,4221
1231,388,5,4222
1232,389,1,4223
1233,389,2,4224
1234,389,3,4225
1235,389,4,4226
1236,389,5,4227
1237,390,1,4233
1238,390,2,4234
1239,390,3,4235
1240,390,4,4236
1241,390,5,4237
1242,393,1,4238
1243,393,2,4239
1244,393,3,4240
1245,393,4,4241
1246,393,5,4242
1247,396,1,4243
1248,396,3,4244
1249,399,1,4245
1250,399,2,4246
1251,399,3,4247
1252,399,4,4248
1253,399,5,4249
1254,400,1,4255
1255,400,2,4256
1256,400,3,4257
1257,400,4,4258
1258,400,5,4259
1259,403,1,4260
1260,403,2,4261
1261,403,3,4262
1262,403,4,4263
1263,403,5,4264
1264,405,1,4265
1265,405,2,4266
1266,405,3,4267
1267,405,4,4268
1268,405,5,4269
1269,407,1,4270
1270,407,2,4271
1271,407,3,4272
1272,407,4,4273
1273,407,5,4274
1274,408,1,4275
1275,408,2,4276
1276,408,3,4277
1277,408,4,4278
1278,408,5,4279
1279,409,2,4280
1280,409,3,4281
1281,409,4,4282
1282,409,5,4283
1283,412,1,4333
1284,412,2,4334
1285,412,3,4335
1286,412,4,4336
1287,412,5,4337
1288,413,1,4358
1289,413,2,4359
1290,413,3,4360
1291,413,4,4361
1292,413,5,4362
1293,416,1,4401
1294,416,2,4402
1295,416,3,4403
1296,416,4,4404
1297,416,5,4405
1298,418,1,4455
1299,418,2,4456
1300,418,3,4457
1301,418,4,4458
1302,419,1,4484
1303,419,2,4485
1304,419,3,4486
1305,419,4,4487
1306,419,5,4488
1307,420,1,4503
1308,420,2,4504
1309,420,3,4505
1310,420,4,4506
1311,420,5,4507
1312,421,1,4521
1313,421,2,4522
1314,421,3,4523
1315,421,4,4524
1316,421,5,4525
1317,422,1,4545
1318,422,2,4546
1319,422,3,4547
1320,422,5,4548
1321,423,2,4558
1322,423,3,4559
1323,423,5,4560
1324,424,1,4568
1325,424,2,4569
1326,424,3,4570
1327,424,4,4571
1328,424,5,4572
1329,425,1,4598
1330,425,2,4599
1331,425,3,4600
1332,425,4,4601
1333,425,5,4602
1334,426,1,4618
1335,426,2,4619
1336,426,3,4620
1337,426,4,4621
1338,426,5,4622
1339,427,1,4637
1340,427,2,4638
1341,427,3,4639
1342,427,4,4640
1343,427,5,4641
1344,428,1,4646
1345,428,2,4647
1346,428,3,4648
1347,428,4,4649
1348,428,5,4650
1349,429,1,4669
1350,429,2,4670
1351,429,3,4671
1352,429,4,4672
1353,429,5,4673
1354,430,1,4684
1355,430,2,4685
1356,430,3,4686
1357,430,4,4687
1358,430,5,4688
1359,431,1,4704
1360,431,2,4705
1361,431,3,4706
1362,431,4,4707
1363,431,5,4708
1364,432,1,4709
1365,432,2,4710
1366,432,3,4711
1367,432,4,4712
1368,432,5,4713
1369,433,1,4714
1370,433,2,4715
1371,433,3,4716
1372,433,4,4717
1373,433,5,4718
1374,434,1,4743
1375,434,2,4744
1376,434,3,4745
1377,434,4,4746
1378,434,5,4747
1379,436,1,4785
1380,436,2,4786
1381,436,3,4787
1382,436,4,4788
1383,436,5,4789
1384,437,1,4795
1385,437,2,4796
1386,437,3,4797
1387,437,5,4798
1388,438,1,4817
1389,438,2,4818
1390,438,3,4819
1391,438,4,4820
1392,438,5,4821
1393,439,2,4822
1394,439,3,4823
1395,439,5,4824
1396,440,1,4825
1397,440,2,4826
1398,440,3,4827
1399,440,4,4828
1400,440,5,4829
1401,441,1,4830
1402,441,2,4831
1403,441,3,4832
1404,441,4,4833
1405,441,5,4834
1406,442,1,4840
1407,442,2,4841
1408,442,3,4842
1409,442,4,4843
1410,442,5,4844
1411,443,1,4874
1412,443,2,4875
1413,443,3,4876
1414,443,4,4877
1415,443,5,4878
1416,444,1,4899
1417,444,2,4900
1418,444,3,4901
1419,444,4,4902
1420,444,5,4903
1421,445,1,4923
1422,445,2,4924
1423,445,3,4925
1424,445,4,4926
1425,445,5,4927
1426,446,1,4938
1427,446,2,4939
1428,446,3,4940
1429,446,4,4941
1430,446,5,4942
1431,447,1,4948
1432,447,2,4949
1433,447,3,4950
1434,447,4,4951
1435,447,5,4952
1436,448,1,4965
1437,448,2,4966
1438,448,3,4967
1439,448,4,4968
1440,448,5,4969
1441,450,1,4989
1442,450,2,4990
1443,450,3,4991
1444,450,4,4992
1445,450,5,4993
1446,453,1,5009
1447,453,2,5010
1448,453,3,5011
1449,453,4,5012
1450,453,5,5013
1451,454,1,5024
1452,454,2,5025
1453,454,3,5026
1454,454,4,5027
1455,454,5,5028
1456,455,1,5044
1457,455,2,5045
1458,455,3,5046
1459,455,4,5047
1460,455,5,5048
1461,456,1,5078
1462,456,2,5079
1463,456,3,5080
1464,456,4,5081
1465,456,5,5082
1466,457,1,5093
1467,457,2,5094
1468,457,3,5095
1469,457,4,5096
1470,457,5,5097
1471,458,1,5108
1472,458,2,5109
1473,458,3,5110
1474,458,4,5111
1475,458,5,5112
1476,459,1,5113
1477,459,2,5114
1478,459,3,5115
1479,459,4,5116
1480,459,5,5117
1481,460,1,5143
1482,460,2,5144
1483,460,3,5145
1484,460,4,5146
1485,460,5,5147
1486,461,1,5173
1487,461,2,5174
1488,461,3,5175
1489,461,4,5176
1490,461,5,5177
1491,463,1,5183
1492,463,2,5184
1493,463,3,5185
1494,463,4,5186
1495,463,5,5187
1496,464,1,5193
1497,464,2,5194
1498,464,3,5195
1499,464,4,5196
1500,464,5,5197
1501,465,1,5198
1502,465,2,5199
1503,465,3,5200
1504,465,4,5201
1505,465,5,5202
1506,466,1,5205
1507,466,2,5206
1508,466,3,5207
1509,466,4,5208
1510,466,5,5209
1511,467,1,5215
1512,467,2,5216
1513,467,3,5217
1514,467,4,5218
1515,467,5,5219
1516,468,1,5225
1517,468,2,5226
1518,468,3,5227
1519,468,4,5228
1520,468,5,5229
1521,469,1,5240
1522,469,2,5241
1523,469,4,5242
1524,469,5,5243
1525,471,1,5294
1526,471,2,5295
1527,471,3,5296
1528,471,4,5297
1529,471,5,5298
1530,472,1,5308
1531,472,2,5309
1532,472,3,5310
1533,472,4,5311
1534,472,5,5312
1535,474,1,5335
1536,474,2,5336
1537,474,3,5337
1538,474,4,5338
1539,474,5,5339
1540,475,1,5350
1541,475,2,5351
1542,475,3,5352
1543,475,4,5353
1544,475,5,5354
1545,476,1,5365
1546,476,2,5366
1547,476,3,5367
1548,476,4,5368
1549,476,5,5369
1550,477,1,5383
1551,477,2,5384
1552,477,3,5385
1553,477,4,5386
1554,477,5,5387
1555,479,1,5404
1556,479,2,5405
1557,479,3,5406
1558,479,4,5407
1559,479,5,5408
1560,481,1,5459
1561,481,2,5460
1562,481,3,5461
1563,481,4,5462
1564,481,5,5463
1565,482,1,5483
1566,482,2,5484
1567,482,3,5485
1568,482,4,5486
1569,482,5,5487
1570,484,1,5508
1571,484,2,5509
1572,484,3,5510
1573,484,4,5511
1574,484,5,5512
1575,485,1,5521
1576,485,2,5522
1577,485,3,5523
1578,485,4,5524
1579,485,5,5525
1580,487,1,5550
1581,487,2,5551
1582,487,3,5552
1583,487,4,5553
1584,487,5,5554
1585,488,1,5566
1586,488,2,5567
1587,488,3,5568
1588,488,4,5569
1589,488,5,5570
1590,489,1,5573
1591,489,2,5574
1592,489,3,5575
1593,489,4,5576
1594,489,5,5577
1595,490,1,5578
1596,490,2,5579
1597,490,3,5580
1598,490,4,5581
1599,490,5,5582
1600,491,1,5598
1601,491,2,5599
1602,491,3,5600
1603,491,4,5601
1604,491,5,5602
1605,492,1,5627
1606,492,2,5628
1607,492,3,5629
1608,492,4,5630
1609,492,5,5631
1610,493,5,5636
1611,494,1,5642
1612,494,2,5643
1613,494,3,5644
1614,494,4,5645
1615,494,5,5646
1616,497,1,5656
1617,497,2,5657
1618,497,3,5658
1619,497,4,5659
1620,497,5,5660
1621,498,1,5671
1622,498,2,5672
1623,498,3,5673
1624,498,4,5674
1625,498,5,5675
1626,499,1,5685
1627,499,2,5686
1628,499,3,5687
1629,499,4,5688
1630,499,5,5689
1631,500,1,5705
1632,500,2,5706
1633,500,3,5707
1634,500,4,5708
1635,500,5,5709
1636,501,1,5710
1637,501,2,5711
1638,501,3,5712
1639,501,4,5713
1640,501,5,5714
1641,502,1,5722
1642,502,2,5723
1643,502,3,5724
1644,502,4,5725
1645,502,5,5726
1646,503,1,5742
1647,503,2,5743
1648,503,3,5744
1649,503,4,5745
1650,503,5,5746
1651,504,1,5762
1652,504,2,5763
1653,504,3,5764
1654,504,4,5765
1655,504,5,5766
1656,506,1,5782
1657,506,2,5783
1658,506,3,5784
1659,506,4,5785
1660,506,5,5786
1661,507,1,5816
1662,507,2,5817
1663,507,3,5818
1664,507,4,5819
1665,507,5,5820
1666,510,1,5835
1667,510,2,5836
1668,510,3,5837
1669,510,4,5838
1670,510,5,5839
1671,511,1,5845
1672,511,2,5846
1673,511,3,5847
1674,511,4,5848
1675,511,5,5849
1676,512,1,5854
1677,512,2,5855
1678,512,3,5856
1679,512,4,5857
1680,512,5,5858
1681,514,1,5874
1682,514,2,5875
1683,514,3,5876
1684,514,4,5877
1685,514,5,5878
1686,515,1,5898
1687,515,2,5899
1688,515,3,5900
1689,515,4,5901
1690,515,5,5902
1691,516,1,5913
1692,516,2,5914
1693,516,3,5915
1694,516,4,5916
1695,516,5,5917
1696,517,1,5928
1697,517,2,5929
1698,517,3,5930
1699,517,4,5931
1700,517,5,5932
1701,518,1,5942
1702,518,2,5943
1703,518,3,5944
1704,518,4,5945
1705,518,5,5946
1706,519,1,5947
1707,519,2,5948
1708,519,3,5949
1709,519,4,5950
1710,519,5,5951
1711,521,1,5980
1712,521,2,5981
1713,521,3,5982
1714,521,4,5983
1715,521,5,5984
1716,522,1,5990
1717,522,2,5991
1718,522,3,5992
1719,522,4,5993
1720,522,5,5994
1721,523,1,6015
1722,523,2,6016
1723,523,3,6017
1724,523,4,6018
1725,523,5,6019
1726,524,1,6025
1727,524,2,6026
1728,524,3,6027
1729,524,4,6028
1730,524,5,6029
1731,525,1,6049
1732,525,2,6050
1733,525,3,6051
1734,525,4,6052
1735,525,5,6053
1736,526,1,6069
1737,526,2,6070
1738,526,3,6071
1739,526,4,6072
1740,526,5,6073
1741,527,1,6074
1742,527,2,6075
1743,527,3,6076
1744,527,4,6077
1745,527,5,6078
1746,528,1,6079
1747,528,2,6080
1748,528,3,6081
1749,528,4,6082
1750,528,5,6083
1751,529,1,6094
1752,529,2,6095
1753,529,3,6096
1754,529,4,6097
1755,529,5,6098
1756,530,1,6108
1757,530,2,6109
1758,530,3,6110
1759,530,4,6111
1760,530,5,6112
1761,531,1,6123
1762,531,2,6124
1763,531,3,6125
1764,531,4,6126
1765,531,5,6127
1766,532,1,6128
1767,532,2,6129
1768,532,3,6130
1769,532,4,6131
1770,532,5,6132
1771,533,1,6133
1772,533,3,6134
1773,533,4,6135
1774,533,5,6136
1775,534,1,6147
1776,534,2,6148
1777,534,3,6149
1778,534,4,6150
1779,534,5,6151
1780,535,1,6162
1781,535,2,6163
1782,535,3,6164
1783,535,4,6165
1784,535,5,6166
1785,536,1,6177
1786,536,2,6178
1787,536,3,6179
1788,536,4,6180
1789,536,5,6181
1790,537,1,6186
1791,537,2,6187
1792,537,3,6188
1793,537,4,6189
1794,537,5,6190
1795,538,1,6191
1796,538,2,6192
1797,538,3,6193
1798,538,4,6194
1799,539,1,6195
1800,539,2,6196
1801,539,3,6197
1802,539,4,6198
1803,539,5,6199
1804,540,1,6205
1805,540,2,6206
1806,540,3,6207
1807,540,4,6208
1808,540,5,6209
1809,541,1,6225
1810,541,2,6226
1811,541,3,6227
1812,541,4,6228
1813,541,5,6229
1814,542,1,6265
1815,542,2,6266
1816,542,3,6267
1817,542,4,6268
1818,542,5,6269
1819,543,1,6285
1820,543,2,6286
1821,543,3,6287
1822,543,4,6288
1823,543,5,6289
1824,544,1,6304
1825,544,2,6305
1826,544,3,6306
1827,544,4,6307
1828,544,5,6308
1829,545,1,6323
1830,545,2,6324
1831,545,3,6325
1832,545,4,6326
1833,545,5,6327
1834,546,1,6328
1835,546,2,6329
1836,546,3,6330
1837,546,4,6331
1838,546,5,6332
1839,547,1,6343
1840,547,2,6344
1841,547,3,6345
1842,547,4,6346
1843,547,5,6347
1844,548,1,6365
1845,548,2,6366
1846,548,3,6367
1847,548,4,6368
1848,548,5,6369
1849,554,1,6393
1850,554,2,6394
1851,554,3,6395
1852,554,4,6396
1853,554,5,6397
1854,562,1,6423
1855,562,2,6424
1856,562,3,6425
1857,562,4,6426
1858,562,5,6427
1859,563,1,6451
1860,563,2,6452
1861,563,3,6453
1862,563,4,6454
1863,563,5,6455
1864,565,1,6461
1865,565,2,6462
1866,565,3,6463
1867,565,4,6464
1868,565,5,6465
1869,567,1,6491
1870,567,2,6492
1871,567,3,6493
1872,567,4,6494
1873,567,5,6495
1874,569,1,6506
1875,569,2,6507
1876,569,3,6508
1877,569,4,6509
1878,569,5,6510
1879,570,1,6516
1880,570,2,6517
1881,570,4,6518
1882,570,5,6519
1883,572,1,6520
1884,572,2,6521
1885,572,3,6522
1886,572,4,6523
1887,572,5,6524
1888,575,1,6542
1889,575,2,6543
1890,575,3,6544
1891,575,4,6545
1892,575,5,6546
1893,576,1,6557
1894,576,2,6558
1895,576,3,6559
1896,576,4,6560
1897,576,5,6561
1898,578,1,6581
1899,578,2,6582
1900,578,3,6583
1901,578,4,6584
1902,578,5,6585
1903,580,1,6601
1904,580,3,6602
1905,580,4,6603
1906,580,5,6604
1907,581,1,6605
1908,581,2,6606
1909,581,3,6607
1910,581,4,6608
1911,581,5,6609
1912,582,1,6610
1913,582,2,6611
1914,582,4,6612
1915,582,5,6613
1916,583,1,6624
1917,583,2,6625
1918,583,3,6626
1919,583,4,6627
1920,583,5,6628
1921,585,1,6649
1922,585,3,6650
1923,585,4,6651
1924,585,5,6652
1925,591,1,6688
1926,591,2,6689
1927,591,3,6690
1928,591,5,6691
1929,592,1,6712
1930,592,2,6713
1931,592,3,6714
1932,592,4,6715
1933,592,5,6716
1934,599,2,6770
1935,599,3,6771
1936,599,4,6772
1937,599,5,6773
1938,601,1,6790
1939,601,2,6791
1940,601,3,6792
1941,601,4,6793
1942,601,5,6794
1943,602,1,6795
1944,602,2,6796
1945,602,3,6797
1946,602,4,6798
1947,602,5,6799
1948,603,3,6805
1949,603,4,6806
1950,603,5,6807
1951,604,1,6814
1952,604,2,6815
1953,604,3,6816
1954,604,4,6817
1955,604,5,6818
1956,605,1,6829
1957,605,2,6830
1958,605,3,6831
1959,605,4,6832
1960,605,5,6833
1961,606,1,6839
1962,606,2,6840
1963,606,3,6841
1964,606,4,6842
1965,606,5,6843
1966,607,1,6849
1967,607,2,6850
1968,607,3,6851
1969,607,4,6852
1970,607,5,6853
1971,609,1,6854
1972,609,2,6855
1973,609,3,6856
1974,609,4,6857
1975,609,5,6858
1976,610,1,6859
1977,610,2,6860
1978,610,3,6861
1979,610,4,6862
1980,610,5,6863
1981,612,1,6879
1982,612,2,6880
1983,612,3,6881
1984,612,4,6882
1985,612,5,6883
1986,613,1,6899
1987,613,2,6900
1988,613,3,6901
1989,613,4,6902
1990,613,5,6903
1991,614,1,6909
1992,614,2,6910
1993,614,3,6911
1994,614,4,6912
1995,614,5,6913
1996,615,1,6929
1997,615,2,6930
1998,615,3,6931
1999,615,4,6932
2000,615,5,6933
2001,616,2,6949
2002,616,4,6950
2003,616,5,6951
2004,617,1,6952
2005,617,2,6953
2006,617,3,6954
2007,617,4,6955
2008,617,5,6956
2009,618,1,6971
2010,618,2,6972
2011,618,3,6973
2012,618,4,6974
2013,618,5,6975
2014,619,1,6983
2015,619,2,6984
2016,619,3,6985
2017,619,4,6986
2018,619,5,6987
2019,620,1,7005
2020,620,2,7006
2021,620,3,7007
2022,620,4,7008
2023,620,5,7009
2024,621,1,7010
2025,621,2,7011
2026,621,3,7012
2027,621,4,7013
2028,621,5,7014
2029,622,1,7015
2030,622,2,7016
2031,622,3,7017
2032,622,4,7018
2033,622,5,7019
2034,625,1,7020
2035,625,2,7021
2036,625,3,7022
2037,625,4,7023
2038,625,5,7024
2039,627,1,7025
2040,627,2,7026
2041,627,3,7027
2042,627,4,7028
2043,627,5,7029
2044,629,1,7030
2045,629,2,7031
2046,629,3,7032
2047,629,4,7033
2048,629,5,7034
2049,630,1,7035
2050,630,2,7036
2051,630,3,7037
2052,630,4,7038
2053,630,5,7039
2054,631,1,7040
2055,631,2,7041
2056,631,3,7042
2057,631,4,7043
2058,631,5,7044
2059,632,1,7045
2060,632,2,7046
2061,632,3,7047
2062,632,4,7048
2063,632,5,7049
2064,635,1,7050
2065,635,2,7051
2066,635,3,7052
2067,635,4,7053
2068,635,5,7054
2069,637,1,7055
2070,637,2,7056
2071,637,3,7057
2072,637,4,7058
2073,637,5,7059
2074,641,1,7065
2075,641,2,7066
2076,641,3,7067
2077,641,4,7068
2078,641,5,7069
2079,644,1,7070
2080,644,2,7071
2081,644,3,7072
2082,644,4,7073
2083,644,5,7074
2084,646,1,7075
2085,646,2,7076
2086,646,3,7077
2087,646,4,7078
2088,646,5,7079
2089,652,1,7084
2090,652,2,7085
2091,652,3,7086
2092,652,4,7087
2093,652,5,7088
2094,660,1,7094
2095,660,2,7095
2096,660,3,7096
2097,660,4,7097
2098,660,5,7098
2099,661,1,7100
2100,661,2,7101
2101,661,3,7102
2102,661,4,7103
2103,661,5,7104
2104,669,1,7105
2105,669,2,7106
2106,669,3,7107
2107,669,4,7108
2108,669,5,7109
2109,676,3,7120
2110,676,4,7121
2111,676,5,7122
2112,679,1,7123
2113,679,3,7124
2114,679,4,7125
2115,679,5,7126
2116,680,1,7132
2117,680,2,7133
2118,680,4,7134
2119,680,5,7135
2120,681,1,7136
2121,681,2,7137
2122,681,3,7138
2123,681,4,7139
2124,681,5,7140
2125,682,1,7141
2126,682,2,7142
2127,682,3,7143
2128,682,4,7144
2129,682,5,7145
2130,683,1,7146
2131,683,2,7147
2132,683,3,7148
2133,683,4,7149
2134,683,5,7150
2135,685,2,7151
2136,686,1,7152
2137,686,2,7153
2138,686,3,7154
2139,686,4,7155
2140,686,5,7156
2141,687,1,7157
2142,687,2,7158
2143,687,3,7159
2144,687,4,7160
2145,687,5,7161
2146,688,1,7162
2147,688,2,7163
2148,688,3,7164
2149,688,4,7165
2150,688,5,7166
2151,689,1,7167
2152,689,2,7168
2153,689,3,7169
2154,689,4,7170
2155,689,5,7171
2156,690,1,7177
2157,690,2,7178
2158,690,3,7179
2159,690,4,7180
2160,690,5,7181
2161,691,1,7182
2162,691,2,7183
2163,691,3,7184
2164,691,4,7185
2165,691,5,7186
2166,692,1,7187
2167,692,3,7188
2168,692,4,7189
2169,692,5,7190
2170,693,1,7191
2171,693,2,7192
2172,693,3,7193
2173,693,4,7194
2174,693,5,7195
2175,694,1,7196
2176,694,2,7197
2177,694,3,7198
2178,694,4,7199
2179,694,5,7200
2180,696,1,7201
2181,696,2,7202
2182,696,3,7203
2183,696,4,7204
2184,696,5,7205
2185,697,1,7206
2186,697,2,7207
2187,697,3,7208
2188,697,4,7209
2189,697,5,7210
2190,699,1,7211
2191,699,2,7212
2192,699,3,7213
2193,699,4,7214
2194,699,5,7215
2195,701,1,7226
2196,701,2,7227
2197,701,3,7228
2198,701,4,7229
2199,701,5,7230
2200,703,1,7231
2201,703,2,7232
2202,703,3,7233
2203,703,4,7234
2204,703,5,7235
2205,704,1,7236
2206,704,2,7237
2207,704,3,7238
2208,704,4,7239
2209,704,5,7240
2210,705,1,7241
2211,705,2,7242
2212,705,3,7243
2213,705,4,7244
2214,705,5,7245
2215,706,1,7246
2216,706,2,7247
2217,706,3,7248
2218,706,4,7249
2219,706,5,7250
2220,707,1,7251
2221,707,2,7252
2222,707,3,7253
2223,707,4,7254
2224,707,5,7255
2225,708,1,7256
2226,708,2,7257
2227,708,3,7258
2228,708,4,7259
2229,708,5,7260
2230,709,1,7261
2231,709,2,7262
2232,709,3,7263
2233,709,4,7264
2234,709,5,7265
2235,710,2,7271
2236,710,3,7272
2237,711,1,7273
2238,711,2,7274
2239,711,3,7275
2240,711,4,7276
2241,711,5,7277
2242,712,1,7278
2243,712,2,7279
2244,712,3,7280
2245,712,4,7281
2246,712,5,7282
2247,714,1,7283
2248,714,2,7284
2249,714,3,7285
2250,714,4,7286
2251,714,5,7287
2252,715,1,7288
2253,715,2,7289
2254,715,3,7290
2255,715,4,7291
2256,715,5,7292
2257,716,1,7293
2258,716,2,7294
2259,716,3,7295
2260,716,4,7296
2261,716,5,7297
2262,717,1,7298
2263,717,2,7299
2264,717,3,7300
2265,717,4,7301
2266,717,5,7302
2267,718,1,7303
2268,718,2,7304
2269,718,3,7305
2270,718,4,7306
2271,718,5,7307
2272,720,1,7313
2273,720,2,7314
2274,720,3,7315
2275,720,4,7316
2276,720,5,7317
2277,722,1,7318
2278,722,2,7319
2279,722,3,7320
2280,722,4,7321
2281,722,5,7322
2282,724,1,7323
2283,724,2,7324
2284,724,3,7325
2285,724,4,7326
2286,724,5,7327
2287,725,1,7328
2288,725,2,7329
2289,725,3,7330
2290,725,4,7331
2291,725,5,7332
2292,726,1,7333
2293,726,2,7334
2294,726,3,7335
2295,726,4,7336
2296,726,5,7337
2297,727,1,7338
2298,727,2,7339
2299,727,3,7340
2300,727,4,7341
2301,727,5,7342
2302,728,2,7343
2303,728,3,7344
2304,728,4,7345
2305,728,5,7346
2306,730,1,7352
2307,730,2,7353
2308,730,3,7354
2309,730,4,7355
2310,730,5,7356
2311,732,1,7357
2312,732,2,7358
2313,732,3,7359
2314,732,4,7360
2315,732,5,7361
2316,733,1,7362
2317,733,3,7363
2318,733,4,7364
2319,733,5,7365
2320,734,1,7366
2321,734,2,7367
2322,734,3,7368
2323,734,4,7369
2324,734,5,7370
2325,735,1,7371
2326,735,2,7372
2327,735,3,7373
2328,735,4,7374
2329,735,5,7375
2330,737,1,7376
2331,737,2,7377
2332,737,3,7378
2333,737,4,7379
2334,737,5,7380
2335,744,3,7386
2336,747,1,7387
2337,747,2,7388
2338,747,3,7389
2339,747,4,7390
2340,747,5,7391
2341,748,2,7392
2342,748,5,7393
2343,749,1,7394
2344,749,2,7395
2345,749,3,7396
2346,749,4,7397
2347,749,5,7398
2348,751,1,7399
2349,751,2,7400
2350,751,3,7401
2351,751,5,7402
2352,752,1,7403
2353,752,2,7404
2354,752,3,7405
2355,752,4,7406
2356,752,5,7407
2357,754,1,7408
2358,754,2,7409
2359,754,3,7410
2360,754,4,7411
2361,754,5,7412
2362,755,2,7413
2363,755,4,7414
2364,756,1,7415
2365,756,2,7416
2366,756,3,7417
2367,756,4,7418
2368,756,5,7419
2369,757,1,7420
2370,757,2,7421
2371,757,3,7422
2372,757,4,7423
2373,757,5,7424
2374,759,1,7425
2375,759,2,7426
2376,759,3,7427
2377,759,4,7428
2378,759,5,7429
2379,763,1,7435
2380,763,2,7436
2381,763,3,7437
2382,763,4,7438
2383,763,5,7439
2384,767,1,7440
2385,767,2,7441
2386,767,3,7442
2387,767,4,7443
2388,768,1,7444
2389,768,2,7445
2390,768,3,7446
2391,768,4,7447
2392,768,5,7448
2393,769,1,7449
2394,769,2,7450
2395,769,3,7451
2396,769,4,7452
2397,769,5,7453
2398,770,1,7459
2399,770,3,7460
2400,770,4,7461
2401,770,5,7462
2402,772,1,7463
2403,772,2,7464
2404,772,3,7465
2405,772,4,7466
2406,772,5,7467
2407,777,1,7468
2408,777,2,7469
2409,777,3,7470
2410,777,4,7471
2411,777,5,7472
2412,778,1,7473
2413,778,2,7474
2414,778,3,7475
2415,778,4,7476
2416,778,5,7477
2417,779,1,7478
2418,779,2,7479
2419,779,3,7480
2420,779,4,7481
2421,779,5,7482
2422,782,1,7488
2423,782,2,7489
2424,782,3,7490
2425,782,4,7491
2426,782,5,7492
2427,785,1,7493
2428,785,2,7494
2429,785,3,7495
2430,785,4,7496
2431,785,5,7497
2432,786,1,7498
2433,786,2,7499
2434,786,3,7500
2435,786,4,7501
2436,786,5,7502
2437,787,1,7503
2438,787,2,7504
2439,787,3,7505
2440,787,4,7506
2441,787,5,7507
2442,788,1,7508
2443,788,2,7509
2444,788,3,7510
2445,788,4,7511
2446,788,5,7512
2447,789,1,7513
2448,789,2,7514
2449,789,3,7515
2450,789,4,7516
2451,789,5,7517
2452,790,1,7518
2453,790,2,7519
2454,790,3,7520
2455,790,4,7521
2456,790,5,7522
2457,791,1,7523
2458,791,2,7524
2459,791,3,7525
2460,791,4,7526
2461,791,5,7527
2462,792,1,7528
2463,792,2,7529
2464,792,3,7530
2465,792,4,7531
2466,792,5,7532
2467,793,1,7533
2468,793,2,7534
2469,793,3,7535
2470,793,4,7536
2471,793,5,7537
2472,794,1,7538
2473,794,2,7539
2474,794,3,7540
2475,794,4,7541
2476,794,5,7542
2477,795,1,7543
2478,795,2,7544
2479,795,3,7545
2480,795,4,7546
2481,795,5,7547
2482,797,1,7548
2483,797,2,7549
2484,797,3,7550
2485,797,4,7551
2486,797,5,7552
2487,798,1,7553
2488,798,2,7554
2489,798,3,7555
2490,798,4,7556
2491,798,5,7557
2492,800,1,7562
2493,800,2,7563
2494,800,3,7564
2495,800,4,7565
2496,800,5,7566
2497,802,1,7567
2498,802,2,7568
2499,802,3,7569
2500,802,4,7570
2501,802,5,7571
2502,804,1,7572
2503,804,2,7573
2504,804,3,7574
2505,804,4,7575
2506,804,5,7576
2507,805,1,7577
2508,805,2,7578
2509,805,3,7579
2510,805,4,7580
2511,805,5,7581
2512,806,1,7582
2513,806,2,7583
2514,806,3,7584
2515,806,4,7585
2516,806,5,7586
2517,808,1,7587
2518,808,2,7588
2519,808,3,7589
2520,808,4,7590
2521,808,5,7591
2522,809,1,7592
2523,809,2,7593
2524,809,3,7594
2525,809,4,7595
2526,809,5,7596
2527,810,1,7602
2528,810,2,7603
2529,810,3,7604
2530,810,4,7605
2531,810,5,7606
2532,811,1,7607
2533,811,2,7608
2534,811,3,7609
2535,811,4,7610
2536,811,5,7611
2537,812,1,7612
2538,812,2,7613
2539,812,3,7614
2540,812,4,7615
2541,812,5,7616
2542,813,1,7617
2543,813,2,7618
2544,813,3,7619
2545,813,4,7620
2546,813,5,7621
2547,814,1,7622
2548,814,2,7623
2549,814,3,7624
2550,814,4,7625
2551,814,5,7626
2552,815,1,7627
2553,815,2,7628
2554,815,3,7629
2555,815,4,7630
2556,815,5,7631
2557,816,2,7632
2558,816,3,7633
2559,816,4,7634
2560,818,1,7635
2561,818,2,7636
2562,818,3,7637
2563,818,4,7638
2564,818,5,7639
2565,820,1,7645
2566,820,2,7646
2567,820,3,7647
2568,820,4,7648
2569,820,5,7649
2570,821,1,7650
2571,821,2,7651
2572,821,3,7652
2573,821,4,7653
2574,821,5,7654
2575,823,1,7655
2576,823,2,7656
2577,823,3,7657
2578,823,4,7658
2579,823,5,7659
2580,824,1,7660
2581,824,2,7661
2582,824,3,7662
2583,824,4,7663
2584,824,5,7664
2585,825,1,7665
2586,825,2,7666
2587,825,3,7667
2588,825,4,7668
2589,825,5,7669
2590,826,1,7670
2591,826,2,7671
2592,826,3,7672
2593,829,1,7673
2594,829,2,7674
2595,829,3,7675
2596,829,4,7676
2597,829,5,7677
2598,830,1,7682
2599,830,2,7683
2600,830,3,7684
2601,830,4,7685
2602,830,5,7686
2603,831,1,7687
2604,831,2,7688
2605,831,3,7689
2606,831,4,7690
2607,831,5,7691
2608,832,1,7692
2609,832,2,7693
2610,832,3,7694
2611,832,4,7695
2612,832,5,7696
2613,834,1,7697
2614,834,2,7698
2615,834,3,7699
2616,834,4,7700
2617,834,5,7701
2618,835,1,7702
2619,835,2,7703
2620,835,3,7704
2621,835,4,7705
2622,835,5,7706
2623,837,1,7707
2624,837,2,7708
2625,837,3,7709
2626,837,4,7710
2627,837,5,7711
2628,839,1,7712
2629,839,2,7713
2630,839,3,7714
2631,839,4,7715
2632,840,1,7716
2633,840,2,7717
2634,840,3,7718
2635,840,4,7719
2636,840,5,7720
2637,841,1,7721
2638,841,2,7722
2639,841,3,7723
2640,841,4,7724
2641,841,5,7725
2642,842,1,7726
2643,842,2,7727
2644,842,3,7728
2645,842,4,7729
2646,842,5,7730
2647,843,1,7731
2648,843,2,7732
2649,843,3,7733
2650,843,4,7734
2651,843,5,7735
2652,845,1,7736
2653,845,2,7737
2654,845,5,7738
2655,846,1,7739
2656,846,2,7740
2657,846,3,7741
2658,846,4,7742
2659,846,5,7743
2660,850,1,7749
2661,850,2,7750
2662,850,3,7751
2663,850,4,7752
2664,850,5,7753
2665,851,2,7754
2666,851,4,7755
2667,851,5,7756
2668,852,1,7757
2669,852,2,7758
2670,852,4,7759
2671,852,5,7760
2672,854,2,7761
2673,854,3,7762
2674,854,4,7763
2675,856,1,7764
2676,856,2,7765
2677,856,4,7766
2678,856,5,7767
2679,857,1,7768
2680,857,2,7769
2681,857,3,7770
2682,857,4,7771
2683,857,5,7772
2684,858,1,7773
2685,858,2,7774
2686,858,3,7775
2687,858,4,7776
2688,858,5,7777
2689,859,1,7778
2690,859,2,7779
2691,859,3,7780
2692,859,4,7781
2693,859,5,7782
2694,860,1,7788
2695,860,2,7789
2696,860,3,7790
2697,860,4,7791
2698,860,5,7792
2699,861,1,7793
2700,861,2,7794
2701,861,3,7795
2702,861,4,7796
2703,861,5,7797
2704,862,1,7798
2705,862,2,7799
2706,862,3,7800
2707,862,4,7801
2708,862,5,7802
2709,863,1,7803
2710,863,2,7804
2711,863,3,7805
2712,863,4,7806
2713,863,5,7807
2714,864,1,7808
2715,864,2,7809
2716,864,3,7810
2717,864,4,7811
2718,865,1,7812
2719,865,2,7813
2720,865,3,7814
2721,865,4,7815
2722,865,5,7816
2723,866,1,7817
2724,866,2,7818
2725,866,3,7819
2726,866,4,7820
2727,866,5,7821
2728,867,1,7822
2729,867,2,7823
2730,867,3,7824
2731,867,4,7825
2732,867,5,7826
2733,868,1,7827
2734,868,2,7828
2735,868,3,7829
2736,868,4,7830
2737,868,5,7831
2738,869,1,7832
2739,869,2,7833
2740,869,3,7834
2741,869,4,7835
2742,869,5,7836
2743,871,1,7842
2744,871,2,7843
2745,871,3,7844
2746,871,4,7845
2747,871,5,7846
2748,874,1,7847
2749,874,2,7848
2750,874,3,7849
2751,874,4,7850
2752,874,5,7851
2753,875,1,7852
2754,875,2,7853
2755,875,3,7854
2756,875,4,7855
2757,875,5,7856
2758,877,1,7857
2759,877,2,7858
2760,877,3,7859
2761,877,4,7860
2762,877,5,7861
2763,878,1,7862
2764,878,2,7863
2765,878,3,7864
2766,878,4,7865
2767,880,1,7866
2768,880,2,7867
2769,880,3,7868
2770,880,4,7869
2771,880,5,7870
2772,881,1,7871
2773,881,2,7872
2774,881,3,7873
2775,881,4,7874
2776,881,5,7875
2777,882,1,7876
2778,882,2,7877
2779,882,3,7878
2780,882,4,7879
2781,882,5,7880
2782,883,1,7881
2783,883,2,7882
2784,883,3,7883
2785,883,4,7884
2786,883,5,7885
2787,885,1,7886
2788,885,2,7887
2789,885,3,7888
2790,885,4,7889
2791,885,5,7890
2792,886,1,7891
2793,886,2,7892
2794,886,3,7893
2795,886,4,7894
2796,886,5,7895
2797,887,1,7896
2798,887,2,7897
2799,887,3,7898
2800,887,4,7899
2801,887,5,7900
2802,889,1,7901
2803,889,2,7902
2804,889,3,7903
2805,889,4,7904
2806,889,5,7905
2807,891,1,7911
2808,891,2,7912
2809,891,3,7913
2810,891,4,7914
2811,891,5,7915
2812,895,1,7916
2813,895,2,7917
2814,895,3,7918
2815,896,1,7919
2816,896,2,7920
2817,896,3,7921
2818,896,4,7922
2819,896,5,7923
2820,898,1,7924
2821,898,2,7925
2822,898,3,7926
2823,898,4,7927
2824,898,5,7928
2825,899,1,7929
2826,899,2,7930
2827,899,3,7931
2828,899,4,7932
2829,899,5,7933
2830,900,1,7943
2831,900,2,7944
2832,900,3,7945
2833,900,4,7946
2834,900,5,7947
2835,901,1,7948
2836,901,2,7949
2837,901,3,7950
2838,901,4,7951
2839,903,1,7952
2840,903,2,7953
2841,903,3,7954
2842,903,4,7955
2843,903,5,7956
2844,905,1,7957
2845,905,2,7958
2846,905,3,7959
2847,905,4,7960
2848,905,5,7961
2849,906,1,7962
2850,906,2,7963
2851,906,3,7964
2852,906,4,7965
2853,906,5,7966
2854,907,1,7967
2855,907,2,7968
2856,907,3,7969
2857,907,4,7970
2858,907,5,7971
2859,908,1,7972
2860,908,2,7973
2861,908,3,7974
2862,908,4,7975
2863,908,5,7976
2864,909,1,7977
2865,909,2,7978
2866,909,3,7979
2867,909,4,7980
2868,909,5,7981
2869,910,1,7987
2870,910,2,7988
2871,910,3,7989
2872,910,4,7990
2873,910,5,7991
2874,911,1,7992
2875,911,2,7993
2876,911,3,7994
2877,911,4,7995
2878,911,5,7996
2879,912,1,7997
2880,912,2,7998
2881,912,3,7999
2882,912,4,8000
2883,912,5,8001
2884,913,3,8002
2885,914,1,8003
2886,914,2,8004
2887,914,3,8005
2888,914,4,8006
2889,914,5,8007
2890,915,1,8008
2891,915,2,8009
2892,915,3,8010
2893,915,4,8011
2894,915,5,8012
2895,917,1,8013
2896,917,2,8014
2897,917,3,8015
2898,917,4,8016
2899,917,5,8017
2900,918,1,8018
2901,918,2,8019
2902,918,3,8020
2903,918,4,8021
2904,918,5,8022
2905,919,1,8023
2906,919,2,8024
2907,919,3,8025
2908,919,4,8026
2909,919,5,8027
2910,920,1,8033
2911,920,2,8034
2912,920,3,8035
2913,920,4,8036
2914,920,5,8037
2915,922,1,8038
2916,922,2,8039
2917,922,3,8040
2918,922,4,8041
2919,922,5,8042
2920,923,1,8043
2921,923,2,8044
2922,923,3,8045
2923,923,4,8046
2924,923,5,8047
2925,924,1,8048
2926,924,2,8049
2927,924,3,8050
2928,924,4,8051
2929,924,5,8052
2930,928,1,8053
2931,928,2,8054
2932,928,3,8055
2933,928,4,8056
2934,928,5,8057
2935,930,1,8058
2936,930,2,8059
2937,930,3,8060
2938,930,4,8061
2939,930,5,8062
2940,931,1,8063
2941,931,2,8064
2942,931,3,8065
2943,931,4,8066
2944,931,5,8067
2945,932,1,8068
2946,932,2,8069
2947,932,3,8070
2948,932,4,8071
2949,932,5,8072
2950,936,1,8073
2951,936,2,8074
2952,936,3,8075
2953,936,4,8076
2954,936,5,8077
2955,937,1,8078
2956,937,2,8079
2957,937,3,8080
2958,937,4,8081
2959,937,5,8082
2960,942,1,8088
2961,942,2,8089
2962,942,3,8090
2963,942,4,8091
2964,942,5,8092
2965,943,1,8093
2966,943,2,8094
2967,943,3,8095
2968,943,4,8096
2969,943,5,8097
2970,944,1,8098
2971,944,2,8099
2972,944,3,8100
2973,944,4,8101
2974,944,5,8102
2975,945,1,8103
2976,945,2,8104
2977,945,3,8105
2978,945,4,8106
2979,945,5,8107
2980,946,1,8108
2981,946,3,8109
2982,946,4,8110
2983,946,5,8111
2984,947,1,8112
2985,947,2,8113
2986,947,3,8114
2987,947,4,8115
2988,947,5,8116
2989,951,1,8117
2990,951,2,8118
2991,951,3,8119
2992,951,4,8120
2993,951,5,8121
2994,952,1,8122
2995,952,2,8123
2996,952,3,8124
2997,952,4,8125
2998,952,5,8126
2999,953,1,8127
3000,953,2,8128
3001,955,3,8129
3002,1000,1,0
3003,1000,2,1
3004,1000,3,2
3005,1000,4,3
3006,1000,5,4
3007,1001,1,5
3008,1001,2,6
3009,1001,3,7
3010,1001,4,8
3011,1001,5,9
3012,1004,1,10
3013,1004,2,11
3014,1004,3,12
3015,1004,4,13
3016,1004,5,14
3017,1005,1,15
3018,1005,2,16
3019,1005,3,17
3020,1005,4,18
3021,1005,5,19
3022,1006,1,20
3023,1006,2,21
3024,1006,3,22
3025,1006,4,23
3026,1006,5,24
3027,1008,1,25
3028,1008,2,26
3029,1008,4,27
3030,1008,5,28
3031,1009,1,29
3032,1009,2,30
3033,1009,3,31
3034,1009,4,32
3035,1009,5,33
3036,1011,2,39
3037,1011,3,40
3038,1013,1,41
3039,1013,2,42
3040,1013,3,43
3041,1013,4,44
3042,1013,5,45
3043,1014,1,46
3044,1014,2,47
3045,1014,3,48
3046,1014,4,49
3047,1014,5,50
3048,1015,1,51
3049,1015,2,52
3050,1015,3,53
3051,1015,4,54
3052,1015,5,55
3053,1017,1,56
3054,1017,2,57
3055,1017,3,58
3056,1017,4,59
3057,1017,5,60
3058,1019,1,61
3059,1019,2,62
3060,1019,4,63
3061,1019,5,64
3062,1020,1,70
3063,1020,2,71
3064,1020,3,72
3065,1020,4,73
3066,1021,1,74
3067,1021,2,75
3068,1021,3,76
3069,1021,4,77
3070,1021,5,78
3071,1027,1,79
3072,1027,2,80
3073,1027,3,81
3074,1027,4,82
3075,1027,5,83
3076,1028,1,84
3077,1028,2,85
3078,1028,3,86
3079,1028,4,87
3080,1028,5,88
3081,1029,1,89
3082,1029,2,90
3083,1029,3,91
3084,1029,4,92
3085,1029,5,93
3086,1032,1,94
3087,1032,2,95
3088,1032,3,96
3089,1032,4,97
3090,1032,5,98
3091,1034,1,99
3092,1034,2,100
3093,1034,3,101
3094,1034,4,102
3095,1034,5,103
3096,1035,1,104
3097,1035,3,105
3098,1035,4,106
3099,1035,5,107
3100,1036,1,108
3101,1036,2,109
3102,1036,3,110
3103,1036,4,111
3104,1036,5,112
3105,1037,1,113
3106,1037,2,114
3107,1037,3,115
3108,1037,4,116
3109,1037,5,117
3110,1038,1,118
3111,1038,2,119
3112,1038,3,120
3113,1038,4,121
3114,1038,5,122
3115,1040,1,128
3116,1040,2,129
3117,1040,3,130
3118,1040,4,131
3119,1040,5,132
3120,1041,1,133
3121,1041,2,134
3122,1041,3,135
3123,1041,4,136
3124,1041,5,137
3125,1042,1,138
3126,1042,2,139
3127,1042,3,140
3128,1042,4,141
3129,1042,5,142
3130,1043,1,143
3131,1043,2,144
3132,1043,3,145
3133,1043,4,146
3134,1043,5,147
3135,1044,1,148
3136,1044,2,149
3137,1044,3,150
3138,1044,4,151
3139,1044,5,152
3140,1045,1,153
3141,1045,2,154
3142,1045,3,155
3143,1045,4,156
3144,1045,5,157
3145,1046,1,158
3146,1046,2,159
3147,1046,3,160
3148,1046,4,161
3149,1046,5,162
3150,1047,1,163
3151,1047,2,164
3152,1047,3,165
3153,1047,4,166
3154,1047,5,167
3155,1048,1,168
3156,1048,2,169
3157,1048,3,170
3158,1048,4,171
3159,1048,5,172
3160,1051,1,173
3161,1051,2,174
3162,1051,3,175
3163,1051,4,176
3164,1051,5,177
3165,1053,1,178
3166,1053,2,179
3167,1053,3,180
3168,1053,4,181
3169,1053,5,182
3170,1054,1,183
3171,1054,2,184
3172,1054,3,185
3173,1054,4,186
3174,1054,5,187
3175,1055,1,188
3176,1055,2,189
3177,1055,3,190
3178,1055,4,191
3179,1055,5,192
3180,1057,1,193
3181,1057,2,194
3182,1057,3,195
3183,1057,4,196
3184,1057,5,197
3185,1059,1,198
3186,1059,2,199
3187,1059,3,200
3188,1059,4,201
3189,1059,5,202
3190,1061,1,203
3191,1061,2,204
3192,1061,3,205
3193,1061,4,206
3194,1061,5,207
3195,1062,1,208
3196,1062,2,209
3197,1062,3,210
3198,1062,4,211
3199,1062,5,212
3200,1064,1,213
3201,1064,2,214
3202,1064,3,215
3203,1064,4,216
3204,1064,5,217
3205,1066,1,218
3206,1066,2,219
3207,1066,3,220
3208,1066,4,221
3209,1066,5,222
3210,1067,1,223
3211,1067,2,224
3212,1067,3,225
3213,1067,4,226
3214,1067,5,227
3215,1069,1,228
3216,1069,2,229
3217,1069,3,230
3218,1069,4,231
3219,1069,5,232
3220,1072,1,233
3221,1072,2,234
3222,1072,3,235
3223,1072,4,236
3224,1072,5,237
3225,1073,1,238
3226,1073,2,239
3227,1073,3,240
3228,1073,4,241
3229,1073,5,242
3230,1075,1,243
3231,1075,2,244
3232,1075,3,245
3233,1075,4,246
3234,1075,5,247
3235,1076,1,248
3236,1076,2,249
3237,1076,3,250
3238,1076,4,251
3239,1076,5,252
3240,1079,1,253
3241,1079,2,254
3242,1079,3,255
3243,1079,4,256
3244,1079,5,257
3245,1081,1,263
3246,1081,2,264
3247,1081,3,265
3248,1081,4,266
3249,1081,5,267
3250,1083,1,268
3251,1083,2,269
3252,1083,3,270
3253,1083,4,271
3254,1083,5,272
3255,1085,1,273
3256,1085,2,274
3257,1085,3,275
3258,1085,4,276
3259,1085,5,277
3260,1089,1,278
3261,1089,2,279
3262,1089,3,280
3263,1089,4,281
3264,1089,5,282
3265,1090,1,283
3266,1090,2,284
3267,1090,3,285
3268,1090,4,286
3269,1090,5,287
3270,1091,1,288
3271,1091,2,289
3272,1091,3,290
3273,1091,4,291
3274,1091,5,292
3275,1092,1,293
3276,1092,2,294
3277,1092,3,295
3278,1092,4,296
3279,1092,5,297
3280,1093,2,298
3281,1093,3,299
3282,1093,5,300
3283,1094,1,301
3284,1094,3,302
3285,1094,4,303
3286,1094,5,304
3287,1095,1,305
3288,1095,2,306
3289,1095,3,307
3290,1095,4,308
3291,1095,5,309
3292,1097,1,310
3293,1097,2,311
3294,1097,3,312
3295,1097,4,313
3296,1097,5,314
3297,1098,1,315
3298,1098,2,316
3299,1098,3,317
3300,1098,4,318
3301,1099,1,319
3302,1099,2,320
3303,1099,3,321
3304,1099,4,322
3305,1099,5,323
3306,1100,1,329
3307,1100,2,330
3308,1100,3,331
3309,1100,4,332
3310,1100,5,333
3311,1101,1,334
3312,1101,2,335
3313,1101,3,336
3314,1101,4,337
3315,1101,5,338
3316,1103,1,339
3317,1103,2,340
3318,1103,3,341
3319,1103,4,342
3320,1103,5,343
3321,1104,1,344
3322,1104,2,345
3323,1104,3,346
3324,1104,4,347
3325,1104,5,348
3326,1105,1,349
3327,1105,3,350
3328,1106,1,351
3329,1106,2,352
3330,1106,4,353
3331,1106,5,354
3332,1107,1,355
3333,1107,2,356
3334,1107,3,357
3335,1107,4,358
3336,1107,5,359
3337,1109,1,360
3338,1109,2,361
3339,1109,3,362
3340,1109,4,363
3341,1109,5,364
3342,1110,1,365
3343,1110,2,366
3344,1110,3,367
3345,1110,4,368
3346,1110,5,369
3347,1112,1,370
3348,1112,2,371
3349,1112,3,372
3350,1112,4,373
3351,1112,5,374
3352,1113,1,375
3353,1113,2,376
3354,1113,3,377
3355,1113,4,378
3356,1113,5,379
3357,1114,1,380
3358,1114,2,381
3359,1114,3,382
3360,1114,4,383
3361,1114,5,384
3362,1116,1,385
3363,1116,2,386
3364,1116,3,387
3365,1116,4,388
3366,1116,5,389
3367,1117,1,390
3368,1117,2,391
3369,1117,3,392
3370,1117,4,393
3371,1117,5,394
3372,1118,1,395
3373,1118,2,396
3374,1118,3,397
3375,1118,4,398
3376,1118,5,399
3377,1119,1,400
3378,1119,2,401
3379,1119,3,402
3380,1119,4,403
3381,1119,5,404
3382,1121,1,405
3383,1121,2,406
3384,1121,3,407
3385,1121,4,408
3386,1121,5,409
3387,1122,1,413
3388,1122,2,414
3389,1122,3,415
3390,1122,4,416
3391,1122,5,417
3392,1123,1,423
3393,1123,2,424
3394,1123,3,425
3395,1123,4,426
3396,1123,5,427
3397,1124,1,428
3398,1124,2,429
3399,1124,3,430
3400,1124,4,431
3401,1124,5,432
3402,1126,1,433
3403,1126,2,434
3404,1126,3,435
3405,1126,4,436
3406,1126,5,437
3407,1127,2,438
3408,1127,3,439
3409,1127,4,440
3410,1127,5,441
3411,1130,1,442
3412,1130,2,443
3413,1130,3,444
3414,1130,4,445
3415,1130,5,446
3416,1131,1,447
3417,1131,2,448
3418,1131,3,449
3419,1131,4,450
3420,1131,5,451
3421,1132,1,452
3422,1132,2,453
3423,1132,3,454
3424,1132,4,455
3425,1132,5,456
3426,1133,1,457
3427,1133,2,458
3428,1133,3,459
3429,1133,4,460
3430,1133,5,461
3431,1134,1,462
3432,1134,2,463
3433,1134,3,464
3434,1134,4,465
3435,1134,5,466
3436,1135,1,467
3437,1135,2,468
3438,1135,3,469
3439,1135,4,470
3440,1135,5,471
3441,1142,1,476
3442,1142,2,477
3443,1142,3,478
3444,1142,4,479
3445,1142,5,480
3446,1143,1,481
3447,1143,2,482
3448,1143,3,483
3449,1143,4,484
3450,1143,5,485
3451,1145,1,486
3452,1145,2,487
3453,1145,3,488
3454,1145,4,489
3455,1145,5,490
3456,1146,1,496
3457,1146,2,497
3458,1146,3,498
3459,1146,4,499
3460,1146,5,500
3461,1148,1,506
3462,1148,2,507
3463,1148,3,508
3464,1148,4,509
3465,1148,5,510
3466,1150,1,511
3467,1150,2,512
3468,1150,3,513
3469,1150,4,514
3470,1150,5,515
3471,1151,1,516
3472,1151,2,517
3473,1151,3,518
3474,1151,4,519
3475,1151,5,520
3476,1154,1,521
3477,1154,2,522
3478,1154,3,523
3479,1154,4,524
3480,1154,5,525
3481,1155,1,531
3482,1155,2,532
3483,1155,3,533
3484,1155,4,534
3485,1155,5,535
3486,1156,1,536
3487,1156,2,537
3488,1156,3,538
3489,1156,5,539
3490,1159,1,546
3491,1159,2,547
3492,1159,3,548
3493,1159,4,549
3494,1159,5,550
3495,1160,2,556
3496,1160,3,557
3497,1160,4,558
3498,1160,5,559
3499,1162,1,560
3500,1162,2,561
3501,1162,3,562
3502,1162,4,563
3503,1162,5,564
3504,1163,1,565
3505,1163,2,566
3506,1163,3,567
3507,1163,5,568
3508,1164,2,569
3509,1164,3,570
3510,1164,4,571
3511,1164,5,572
3512,1167,1,578
3513,1167,2,579
3514,1167,3,580
3515,1167,4,581
3516,1167,5,582
3517,1171,1,583
3518,1171,2,584
3519,1171,3,585
3520,1171,4,586
3521,1171,5,587
3522,1177,1,598
3523,1177,2,599
3524,1177,3,600
3525,1177,4,601
3526,1177,5,602
3527,1179,1,608
3528,1179,2,609
3529,1179,3,610
3530,1179,4,611
3531,1179,5,612
3532,1180,1,613
3533,1180,2,614
3534,1180,3,615
3535,1180,4,616
3536,1180,5,617
3537,1181,1,618
3538,1181,2,619
3539,1181,3,620
3540,1181,4,621
3541,1181,5,622
3542,1182,1,623
3543,1182,2,624
3544,1182,3,625
3545,1182,4,626
3546,1182,5,627
3547,1183,1,628
3548,1183,2,629
3549,1183,3,630
3550,1183,4,631
3551,1183,5,632
3552,1184,1,638
3553,1184,2,639
3554,1184,3,640
3555,1184,4,641
3556,1184,5,642
3557,1185,1,643
3558,1185,2,644
3559,1185,3,645
3560,1185,4,646
3561,1185,5,647
3562,1186,1,648
3563,1186,2,649
3564,1186,3,650
3565,1186,4,651
3566,1186,5,652
3567,1187,1,653
3568,1187,2,654
3569,1187,3,655
3570,1187,4,656
3571,1187,5,657
3572,1188,1,663
3573,1188,3,664
3574,1188,4,665
3575,1188,5,666
3576,1189,1,667
3577,1189,2,668
3578,1189,3,669
3579,1189,4,670
3580,1189,5,671
3581,1190,1,677
3582,1190,2,678
3583,1190,3,679
3584,1190,4,680
3585,1190,5,681
3586,1191,1,682
3587,1191,2,683
3588,1191,3,684
3589,1191,4,685
3590,1191,5,686
3591,1192,1,687
3592,1192,2,688
3593,1192,3,689
3594,1192,4,690
3595,1192,5,691
3596,1193,1,692
3597,1193,2,693
3598,1193,3,694
3599,1193,4,695
3600,1193,5,696
3601,1194,1,697
3602,1194,2,698
3603,1194,3,699
3604,1194,5,700
3605,1195,1,701
3606,1195,2,702
3607,1195,3,703
3608,1195,4,704
3609,1195,5,705
3610,1196,1,706
3611,1196,2,707
3612,1196,3,708
3613,1196,5,709
3614,1197,1,710
3615,1197,2,711
3616,1197,3,712
3617,1197,4,713
3618,1197,5,714
3619,1198,1,715
3620,1198,2,716
3621,1198,3,717
3622,1198,4,718
3623,1198,5,719
3624,1200,1,728
3625,1200,2,729
3626,1200,3,730
3627,1200,4,731
3628,1200,5,732
3629,1201,1,738
3630,1201,2,739
3631,1201,3,740
3632,1201,4,741
3633,1201,5,742
3634,1202,1,748
3635,1202,2,749
3636,1202,3,750
3637,1202,4,751
3638,1202,5,752
3639,1203,1,753
3640,1203,2,754
3641,1203,3,755
3642,1203,4,756
3643,1203,5,757
3644,1205,1,758
3645,1205,2,759
3646,1205,4,760
3647,1205,5,761
3648,1206,1,762
3649,1206,2,763
3650,1206,3,764
3651,1206,4,765
3652,1206,5,766
3653,1207,1,767
3654,1207,2,768
3655,1207,3,769
3656,1207,4,770
3657,1207,5,771
3658,1210,2,777
3659,1210,4,778
3660,1210,5,779
3661,1213,1,780
3662,1213,2,781
3663,1213,3,782
3664,1213,4,783
3665,1213,5,784
3666,1214,1,785
3667,1214,2,786
3668,1214,3,787
3669,1214,4,788
3670,1214,5,789
3671,1216,1,795
3672,1216,2,796
3673,1216,3,797
3674,1216,4,798
3675,1216,5,799
3676,1220,1,800
3677,1220,2,801
3678,1220,4,802
3679,1221,1,803
3680,1221,3,804
3681,1221,4,805
3682,1222,1,806
3683,1222,2,807
3684,1222,3,808
3685,1222,4,809
3686,1222,5,810
3687,1225,1,816
3688,1225,2,817
3689,1225,3,818
3690,1225,4,819
3691,1225,5,820
3692,1226,1,821
3693,1226,2,822
3694,1226,3,823
3695,1226,4,824
3696,1226,5,825
3697,1227,1,826
3698,1227,2,827
3699,1227,3,828
3700,1227,4,829
3701,1227,5,830
3702,1229,1,831
3703,1229,2,832
3704,1229,3,833
3705,1229,4,834
3706,1229,5,835
3707,1231,1,836
3708,1231,2,837
3709,1231,3,838
3710,1231,4,839
3711,1231,5,840
3712,1237,1,841
3713,1237,2,842
3714,1237,3,843
3715,1237,4,844
3716,1237,5,845
3717,1239,1,846
3718,1239,2,847
3719,1239,3,848
3720,1239,4,849
3721,1239,5,850
3722,1240,1,851
3723,1241,1,852
3724,1241,2,853
3725,1241,3,854
3726,1241,4,855
3727,1241,5,856
3728,1242,1,857
3729,1242,2,858
3730,1242,3,859
3731,1242,5,860
3732,1243,1,861
3733,1243,2,862
3734,1243,3,863
3735,1243,4,864
3736,1243,5,865
3737,1244,1,866
3738,1244,2,867
3739,1244,3,868
3740,1244,4,869
3741,1244,5,870
3742,1246,1,871
3743,1246,2,872
3744,1246,3,873
3745,1246,4,874
3746,1246,5,875
3747,1247,1,876
3748,1247,2,877
3749,1247,3,878
3750,1247,4,879
3751,1247,5,880
3752,1248,1,881
3753,1248,2,882
3754,1248,3,883
3755,1248,4,884
3756,1248,5,885
3757,1249,1,886
3758,1249,2,887
3759,1249,3,888
3760,1249,4,889
3761,1249,5,890
3762,1253,1,891
3763,1253,2,892
3764,1253,3,893
3765,1253,4,894
3766,1253,5,895
3767,1254,2,896
3768,1254,4,897
3769,1254,5,898
3770,1257,1,904
3771,1257,2,905
3772,1257,3,906
3773,1257,4,907
3774,1257,5,908
3775,1259,1,914
3776,1259,2,915
3777,1259,3,916
3778,1259,4,917
3779,1259,5,918
3780,1260,2,919
3781,1260,3,920
3782,1260,4,921
3783,1260,5,922
3784,1261,1,923
3785,1261,2,924
3786,1261,3,925
3787,1261,4,926
3788,1261,5,927
3789,1263,1,928
3790,1263,2,929
3791,1263,3,930
3792,1264,1,931
3793,1264,2,932
3794,1264,3,933
3795,1264,4,934
3796,1264,5,935
3797,1270,1,940
3798,1270,2,941
3799,1270,3,942
3800,1270,4,943
3801,1274,1,944
3802,1274,2,945
3803,1274,3,946
3804,1274,4,947
3805,1274,5,948
3806,1276,1,949
3807,1276,2,950
3808,1276,3,951
3809,1276,4,952
3810,1276,5,953
3811,1277,1,954
3812,1277,2,955
3813,1277,3,956
3814,1277,4,957
3815,1277,5,958
3816,1281,1,959
3817,1281,2,960
3818,1281,4,961
3819,1281,5,962
3820,1285,1,963
3821,1285,2,964
3822,1285,3,965
3823,1285,4,966
3824,1285,5,967
3825,1292,1,977
3826,1292,2,978
3827,1292,3,979
3828,1292,4,980
3829,1292,5,981
3830,1293,1,982
3831,1293,2,983
3832,1293,3,984
3833,1293,4,985
3834,1293,5,986
3835,1294,1,987
3836,1294,2,988
3837,1294,3,989
3838,1294,4,990
3839,1294,5,991
3840,1295,1,992
3841,1295,2,993
3842,1295,3,994
3843,1295,4,995
3844,1295,5,996
3845,1296,1,997
3846,1296,2,998
3847,1296,3,999
3848,1296,4,1000
3849,1296,5,1001
3850,1297,1,1002
3851,1297,2,1003
3852,1297,3,1004
3853,1297,4,1005
3854,1297,5,1006
3855,1298,1,1007
3856,1298,2,1008
3857,1298,3,1009
3858,1298,4,1010
3859,1298,5,1011
3860,1299,1,1012
3861,1299,2,1013
3862,1299,5,1014
3863,1300,1,1020
3864,1300,3,1021
3865,1300,4,1022
3866,1300,5,1023
3867,1303,1,1024
3868,1303,2,1025
3869,1303,3,1026
3870,1303,4,1027
3871,1303,5,1028
3872,1306,1,1029
3873,1306,2,1030
3874,1306,3,1031
3875,1306,4,1032
3876,1306,5,1033
3877,1312,1,1034
3878,1312,2,1035
3879,1312,3,1036
3880,1312,4,1037
3881,1312,5,1038
3882,1315,1,1039
3883,1315,2,1040
3884,1315,3,1041
3885,1315,4,1042
3886,1315,5,1043
3887,1332,1,1054
3888,1332,2,1055
3889,1332,3,1056
3890,1332,4,1057
3891,1332,5,1058
3892,1337,1,1059
3893,1337,2,1060
3894,1337,3,1061
3895,1337,4,1062
3896,1337,5,1063
3897,1338,1,1064
3898,1338,2,1065
3899,1338,3,1066
3900,1338,4,1067
3901,1338,5,1068
3902,1339,1,1069
3903,1339,2,1070
3904,1339,3,1071
3905,1339,4,1072
3906,1339,5,1073
3907,1342,1,1074
3908,1342,2,1075
3909,1342,3,1076
3910,1342,4,1077
3911,1342,5,1078
3912,1343,1,1079
3913,1343,2,1080
3914,1343,3,1081
3915,1343,4,1082
3916,1343,5,1083
3917,1344,1,1084
3918,1344,2,1085
3919,1344,3,1086
3920,1344,4,1087
3921,1344,5,1088
3922,1347,1,1089
3923,1347,2,1090
3924,1347,3,1091
3925,1347,4,1092
3926,1347,5,1093
3927,1348,1,1094
3928,1348,2,1095
3929,1348,3,1096
3930,1348,4,1097
3931,1348,5,1098
3932,1349,1,1099
3933,1349,2,1100
3934,1349,3,1101
3935,1349,4,1102
3936,1349,5,1103
3937,1350,1,1104
3938,1350,2,1105
3939,1350,3,1106
3940,1350,4,1107
3941,1350,5,1108
3942,1351,1,1109
3943,1351,2,1110
3944,1351,3,1111
3945,1351,4,1112
3946,1351,5,1113
3947,1352,1,1114
3948,1352,2,1115
3949,1352,3,1116
3950,1352,4,1117
3951,1352,5,1118
3952,1353,1,1119
3953,1353,2,1120
3954,1353,3,1121
3955,1353,4,1122
3956,1353,5,1123
3957,1358,1,1124
3958,1358,2,1125
3959,1358,3,1126
3960,1358,4,1127
3961,1358,5,1128
3962,1360,1,1129
3963,1360,2,1130
3964,1360,3,1131
3965,1360,4,1132
3966,1360,5,1133
3967,1364,1,1134
3968,1364,2,1135
3969,1364,3,1136
3970,1364,4,1137
3971,1366,1,1138
3972,1366,2,1139
3973,1366,3,1140
3974,1366,4,1141
3975,1366,5,1142
3976,1369,1,1143
3977,1369,2,1144
3978,1369,4,1145
3979,1369,5,1146
3980,1372,1,1147
3981,1372,2,1148
3982,1372,3,1149
3983,1372,4,1150
3984,1372,5,1151
3985,1375,1,1152
3986,1375,2,1153
3987,1375,3,1154
3988,1375,4,1155
3989,1375,5,1156
3990,1376,1,1157
3991,1376,2,1158
3992,1376,3,1159
3993,1376,4,1160
3994,1376,5,1161
3995,1377,1,1162
3996,1377,2,1163
3997,1377,3,1164
3998,1377,4,1165
3999,1377,5,1166
4000,1378,1,1167
4001,1378,2,1168
4002,1378,3,1169
4003,1378,4,1170
4004,1378,5,1171
4005,1379,1,1172
4006,1379,2,1173
4007,1379,3,1174
4008,1379,4,1175
4009,1379,5,1176
4010,1380,1,1182
4011,1380,2,1183
4012,1380,3,1184
4013,1380,4,1185
4014,1380,5,1186
4015,1381,1,1187
4016,1381,2,1188
4017,1381,3,1189
4018,1381,4,1190
4019,1381,5,1191
4020,1382,1,1192
4021,1382,2,1193
4022,1382,3,1194
4023,1382,4,1195
4024,1382,5,1196
4025,1383,1,1197
4026,1383,2,1198
4027,1383,3,1199
4028,1383,4,1200
4029,1383,5,1201
4030,1384,1,1202
4031,1384,2,1203
4032,1384,3,1204
4033,1384,4,1205
4034,1384,5,1206
4035,1385,1,1207
4036,1385,2,1208
4037,1385,3,1209
4038,1385,4,1210
4039,1385,5,1211
4040,1389,1,1217
4041,1389,2,1218
4042,1389,3,1219
4043,1389,4,1220
4044,1389,5,1221
4045,1390,1,1226
4046,1390,2,1227
4047,1390,3,1228
4048,1390,4,1229
4049,1390,5,1230
4050,1392,1,1231
4051,1392,2,1232
4052,1392,3,1233
4053,1392,4,1234
4054,1392,5,1235
4055,1394,1,1236
4056,1394,2,1237
4057,1394,3,1238
4058,1394,4,1239
4059,1394,5,1240
4060,1395,1,1241
4061,1395,2,1242
4062,1395,3,1243
4063,1395,4,1244
4064,1395,5,1245
4065,1396,1,1246
4066,1396,2,1247
4067,1396,3,1248
4068,1396,4,1249
4069,1396,5,1250
4070,1397,1,1251
4071,1397,2,1252
4072,1397,3,1253
4073,1397,4,1254
4074,1397,5,1255
4075,1398,1,1256
4076,1398,2,1257
4077,1398,3,1258
4078,1398,4,1259
4079,1398,5,1260
4080,1399,1,1261
4081,1399,2,1262
4082,1399,3,1263
4083,1399,4,1264
4084,1399,5,1265
4085,1400,1,1271
4086,1400,2,1272
4087,1400,3,1273
4088,1400,4,1274
4089,1400,5,1275
4090,1401,1,1276
4091,1401,2,1277
4092,1401,3,1278
4093,1401,4,1279
4094,1401,5,1280
4095,1402,1,1281
4096,1402,2,1282
4097,1402,3,1283
4098,1402,4,1284
4099,1402,5,1285
4100,1405,1,1286
4101,1405,2,1287
4102,1405,3,1288
4103,1405,4,1289
4104,1405,5,1290
4105,1406,1,1291
4106,1406,2,1292
4107,1406,3,1293
4108,1406,4,1294
4109,1406,5,1295
4110,1408,1,1296
4111,1408,2,1297
4112,1408,3,1298
4113,1408,4,1299
4114,1408,5,1300
4115,1409,1,1301
4116,1409,2,1302
4117,1409,3,1303
4118,1409,4,1304
4119,1409,5,1305
4120,1410,1,1306
4121,1410,2,1307
4122,1410,3,1308
4123,1410,4,1309
4124,1410,5,1310
4125,1411,1,1311
4126,1411,2,1312
4127,1411,3,1313
4128,1411,4,1314
4129,1411,5,1315
4130,1412,1,1316
4131,1412,2,1317
4132,1412,3,1318
4133,1412,4,1319
4134,1412,5,1320
4135,1414,1,1326
4136,1414,2,1327
4137,1414,3,1328
4138,1414,4,1329
4139,1415,1,1330
4140,1415,2,1331
4141,1415,3,1332
4142,1415,4,1333
4143,1415,5,1334
4144,1416,1,1335
4145,1416,2,1336
4146,1416,3,1337
4147,1416,4,1338
4148,1416,5,1339
4149,1418,1,1340
4150,1418,2,1341
4151,1418,3,1342
4152,1418,4,1343
4153,1418,5,1344
4154,1421,1,1345
4155,1421,2,1346
4156,1421,3,1347
4157,1421,4,1348
4158,1421,5,1349
4159,1422,1,1350
4160,1422,2,1351
4161,1422,3,1352
4162,1422,4,1353
4163,1422,5,1354
4164,1424,1,1355
4165,1424,2,1356
4166,1424,3,1357
4167,1424,4,1358
4168,1424,5,1359
4169,1425,1,1360
4170,1425,2,1361
4171,1425,3,1362
4172,1425,4,1363
4173,1425,5,1364
4174,1426,2,1365
4175,1426,3,1366
4176,1426,4,1367
4177,1426,5,1368
4178,1427,1,1369
4179,1427,2,1370
4180,1427,3,1371
4181,1427,4,1372
4182,1427,5,1373
4183,1428,1,1374
4184,1428,2,1375
4185,1428,3,1376
4186,1428,4,1377
4187,1428,5,1378
4188,1429,1,1379
4189,1429,2,1380
4190,1429,3,1381
4191,1429,4,1382
4192,1429,5,1383
4193,1430,1,1384
4194,1430,2,1385
4195,1430,3,1386
4196,1430,4,1387
4197,1430,5,1388
4198,1432,1,1389
4199,1432,2,1390
4200,1432,3,1391
4201,1432,4,1392
4202,1432,5,1393
4203,1433,1,1394
4204,1433,2,1395
4205,1433,3,1396
4206,1433,4,1397
4207,1433,5,1398
