item_id,idx,artist_id,variant
2_1,0,2,1
2_2,1,2,2
2_3,2,2,3
2_4,3,2,4
2_5,4,2,5
6_1,5,6,1
6_2,6,6,2
6_3,7,6,3
6_4,8,6,4
6_5,9,6,5
7_1,10,7,1
7_2,11,7,2
7_3,12,7,3
7_5,13,7,5
8_1,14,8,1
8_2,15,8,2
8_4,16,8,4
8_5,17,8,5
10_1,18,10,1
10_2,19,10,2
10_3,20,10,3
10_4,21,10,4
10_5,22,10,5
11_1,23,11,1
11_3,24,11,3
11_4,25,11,4
11_5,26,11,5
12_1,27,12,1
12_2,28,12,2
12_3,29,12,3
12_4,30,12,4
12_5,31,12,5
13_1,32,13,1
13_2,33,13,2
13_3,34,13,3
13_4,35,13,4
13_5,36,13,5
15_1,37,15,1
15_2,38,15,2
15_3,39,15,3
15_4,40,15,4
15_5,41,15,5
16_1,42,16,1
16_2,43,16,2
16_3,44,16,3
16_4,45,16,4
16_5,46,16,5
17_1,47,17,1
17_2,48,17,2
17_3,49,17,3
17_4,50,17,4
18_1,51,18,1
18_2,52,18,2
18_3,53,18,3
18_4,54,18,4
18_5,55,18,5
19_1,56,19,1
19_2,57,19,2
19_3,58,19,3
19_4,59,19,4
19_5,60,19,5
25_1,61,25,1
25_2,62,25,2
25_3,63,25,3
25_4,64,25,4
25_5,65,25,5
27_1,66,27,1
27_2,67,27,2
27_3,68,27,3
27_4,69,27,4
28_1,70,28,1
28_2,71,28,2
28_3,72,28,3
28_4,73,28,4
28_5,74,28,5
30_1,75,30,1
30_2,76,30,2
30_3,77,30,3
30_4,78,30,4
30_5,79,30,5
32_1,80,32,1
32_2,81,32,2
32_3,82,32,3
32_4,83,32,4
32_5,84,32,5
34_1,85,34,1
34_2,86,34,2
34_3,87,34,3
34_4,88,34,4
34_5,89,34,5
36_1,90,36,1
36_2,91,36,2
36_3,92,36,3
36_4,93,36,4
36_5,94,36,5
38_1,95,38,1
38_2,96,38,2
38_3,97,38,3
38_4,98,38,4
38_5,99,38,5
39_1,100,39,1
39_2,101,39,2
39_3,102,39,3
39_4,103,39,4
39_5,104,39,5
40_1,105,40,1
40_2,106,40,2
40_3,107,40,3
40_4,108,40,4
40_5,109,40,5
41_1,110,41,1
41_2,111,41,2
41_3,112,41,3
41_4,113,41,4
41_5,114,41,5
45_1,115,45,1
45_2,116,45,2
45_3,117,45,3
45_4,118,45,4
45_5,119,45,5
46_1,120,46,1
46_2,121,46,2
46_3,122,46,3
46_4,123,46,4
46_5,124,46,5
47_1,125,47,1
47_2,126,47,2
47_3,127,47,3
47_4,128,47,4
47_5,129,47,5
49_1,130,49,1
49_2,131,49,2
49_3,132,49,3
49_4,133,49,4
49_5,134,49,5
51_1,135,51,1
51_2,136,51,2
51_3,137,51,3
51_4,138,51,4
51_5,139,51,5
52_1,140,52,1
52_2,141,52,2
52_3,142,52,3
52_4,143,52,4
52_5,144,52,5
53_1,145,53,1
53_2,146,53,2
53_3,147,53,3
53_4,148,53,4
53_5,149,53,5
54_1,150,54,1
54_2,151,54,2
54_3,152,54,3
54_4,153,54,4
54_5,154,54,5
55_1,155,55,1
55_2,156,55,2
55_3,157,55,3
55_4,158,55,4
55_5,159,55,5
56_1,160,56,1
56_2,161,56,2
56_3,162,56,3
56_4,163,56,4
56_5,164,56,5
57_1,165,57,1
57_2,166,57,2
57_3,167,57,3
57_4,168,57,4
57_5,169,57,5
58_1,170,58,1
58_2,171,58,2
58_3,172,58,3
58_4,173,58,4
58_5,174,58,5
59_1,175,59,1
59_2,176,59,2
59_3,177,59,3
59_4,178,59,4
59_5,179,59,5
61_1,180,61,1
61_2,181,61,2
61_3,182,61,3
61_4,183,61,4
61_5,184,61,5
63_1,185,63,1
63_2,186,63,2
63_3,187,63,3
63_4,188,63,4
63_5,189,63,5
64_1,190,64,1
64_2,191,64,2
64_4,192,64,4
64_5,193,64,5
65_1,194,65,1
65_2,195,65,2
65_3,196,65,3
65_4,197,65,4
65_5,198,65,5
66_1,199,66,1
66_2,200,66,2
66_3,201,66,3
66_4,202,66,4
66_5,203,66,5
67_1,204,67,1
67_2,205,67,2
67_3,206,67,3
67_4,207,67,4
67_5,208,67,5
68_1,209,68,1
68_2,210,68,2
68_3,211,68,3
68_4,212,68,4
68_5,213,68,5
69_1,214,69,1
69_2,215,69,2
69_3,216,69,3
69_4,217,69,4
69_5,218,69,5
70_1,219,70,1
70_2,220,70,2
70_3,221,70,3
70_4,222,70,4
70_5,223,70,5
71_1,224,71,1
71_2,225,71,2
71_3,226,71,3
71_4,227,71,4
71_5,228,71,5
72_1,229,72,1
72_2,230,72,2
72_3,231,72,3
72_4,232,72,4
72_5,233,72,5
73_1,234,73,1
73_2,235,73,2
73_3,236,73,3
73_4,237,73,4
73_5,238,73,5
75_1,239,75,1
75_2,240,75,2
75_3,241,75,3
75_4,242,75,4
75_5,243,75,5
76_1,244,76,1
76_2,245,76,2
76_3,246,76,3
76_4,247,76,4
76_5,248,76,5
77_1,249,77,1
77_2,250,77,2
77_3,251,77,3
77_4,252,77,4
77_5,253,77,5
80_1,254,80,1
80_2,255,80,2
80_3,256,80,3
80_4,257,80,4
80_5,258,80,5
81_1,259,81,1
81_2,260,81,2
81_3,261,81,3
81_4,262,81,4
81_5,263,81,5
82_2,264,82,2
82_3,265,82,3
82_4,266,82,4
82_5,267,82,5
84_1,268,84,1
84_2,269,84,2
84_3,270,84,3
84_4,271,84,4
84_5,272,84,5
85_1,273,85,1
85_2,274,85,2
85_3,275,85,3
85_4,276,85,4
85_5,277,85,5
86_1,278,86,1
86_2,279,86,2
86_3,280,86,3
86_4,281,86,4
86_5,282,86,5
88_1,283,88,1
88_2,284,88,2
88_3,285,88,3
88_4,286,88,4
88_5,287,88,5
89_1,288,89,1
89_2,289,89,2
89_3,290,89,3
89_4,291,89,4
89_5,292,89,5
90_1,293,90,1
90_2,294,90,2
90_3,295,90,3
90_4,296,90,4
90_5,297,90,5
91_1,298,91,1
91_2,299,91,2
91_3,300,91,3
91_4,301,91,4
91_5,302,91,5
93_1,303,93,1
93_2,304,93,2
93_3,305,93,3
93_4,306,93,4
93_5,307,93,5
100_1,308,100,1
100_2,309,100,2
100_3,310,100,3
100_4,311,100,4
100_5,312,100,5
101_1,313,101,1
101_2,314,101,2
101_3,315,101,3
101_4,316,101,4
101_5,317,101,5
103_1,318,103,1
103_2,319,103,2
103_3,320,103,3
103_4,321,103,4
103_5,322,103,5
107_1,323,107,1
107_2,324,107,2
107_3,325,107,3
107_4,326,107,4
107_5,327,107,5
126_1,328,126,1
126_2,329,126,2
126_3,330,126,3
126_4,331,126,4
137_1,332,137,1
137_2,333,137,2
137_3,334,137,3
137_4,335,137,4
137_5,336,137,5
138_1,337,138,1
138_2,338,138,2
138_3,339,138,3
138_5,340,138,5
151_1,341,151,1
151_2,342,151,2
151_3,343,151,3
151_4,344,151,4
151_5,345,151,5
152_4,346,152,4
152_5,347,152,5
153_1,348,153,1
153_2,349,153,2
153_3,350,153,3
153_4,351,153,4
153_5,352,153,5
154_1,353,154,1
154_2,354,154,2
154_3,355,154,3
154_4,356,154,4
154_5,357,154,5
155_1,358,155,1
155_2,359,155,2
155_3,360,155,3
155_4,361,155,4
155_5,362,155,5
156_1,363,156,1
156_2,364,156,2
156_3,365,156,3
156_4,366,156,4
156_5,367,156,5
157_1,368,157,1
157_2,369,157,2
157_3,370,157,3
157_4,371,157,4
157_5,372,157,5
159_1,373,159,1
159_2,374,159,2
159_3,375,159,3
159_4,376,159,4
159_5,377,159,5
161_1,378,161,1
161_2,379,161,2
161_3,380,161,3
161_4,381,161,4
161_5,382,161,5
162_1,383,162,1
162_2,384,162,2
162_3,385,162,3
162_4,386,162,4
162_5,387,162,5
163_1,388,163,1
163_3,389,163,3
163_4,390,163,4
163_5,391,163,5
165_1,392,165,1
165_3,393,165,3
165_4,394,165,4
165_5,395,165,5
166_1,396,166,1
166_2,397,166,2
166_3,398,166,3
166_4,399,166,4
166_5,400,166,5
167_1,401,167,1
167_2,402,167,2
167_3,403,167,3
167_4,404,167,4
167_5,405,167,5
170_1,406,170,1
170_2,407,170,2
170_3,408,170,3
170_4,409,170,4
170_5,410,170,5
171_1,411,171,1
171_2,412,171,2
171_3,413,171,3
171_4,414,171,4
171_5,415,171,5
172_1,416,172,1
172_2,417,172,2
172_3,418,172,3
172_4,419,172,4
172_5,420,172,5
173_1,421,173,1
173_2,422,173,2
173_3,423,173,3
173_4,424,173,4
173_5,425,173,5
174_1,426,174,1
174_2,427,174,2
174_3,428,174,3
174_4,429,174,4
174_5,430,174,5
175_1,431,175,1
175_2,432,175,2
175_3,433,175,3
175_4,434,175,4
175_5,435,175,5
176_1,436,176,1
176_2,437,176,2
176_3,438,176,3
176_4,439,176,4
176_5,440,176,5
178_1,441,178,1
178_2,442,178,2
178_3,443,178,3
178_4,444,178,4
178_5,445,178,5
180_1,446,180,1
180_2,447,180,2
180_3,448,180,3
180_4,449,180,4
180_5,450,180,5
181_1,451,181,1
181_2,452,181,2
181_3,453,181,3
181_4,454,181,4
181_5,455,181,5
182_1,456,182,1
182_2,457,182,2
182_3,458,182,3
182_4,459,182,4
182_5,460,182,5
183_1,461,183,1
183_2,462,183,2
183_3,463,183,3
183_4,464,183,4
183_5,465,183,5
184_1,466,184,1
184_2,467,184,2
184_3,468,184,3
184_4,469,184,4
184_5,470,184,5
185_1,471,185,1
185_2,472,185,2
185_3,473,185,3
185_4,474,185,4
185_5,475,185,5
186_1,476,186,1
186_2,477,186,2
186_3,478,186,3
186_4,479,186,4
187_1,480,187,1
187_2,481,187,2
187_3,482,187,3
187_4,483,187,4
187_5,484,187,5
188_1,485,188,1
188_2,486,188,2
188_3,487,188,3
188_4,488,188,4
188_5,489,188,5
189_1,490,189,1
189_2,491,189,2
189_3,492,189,3
189_4,493,189,4
189_5,494,189,5
190_1,495,190,1
190_2,496,190,2
190_3,497,190,3
190_4,498,190,4
190_5,499,190,5
191_1,500,191,1
191_2,501,191,2
191_3,502,191,3
191_4,503,191,4
191_5,504,191,5
192_1,505,192,1
192_2,506,192,2
192_3,507,192,3
192_4,508,192,4
192_5,509,192,5
193_1,510,193,1
193_2,511,193,2
193_3,512,193,3
193_4,513,193,4
193_5,514,193,5
194_1,515,194,1
194_2,516,194,2
194_3,517,194,3
194_4,518,194,4
194_5,519,194,5
195_1,520,195,1
195_2,521,195,2
195_3,522,195,3
195_4,523,195,4
195_5,524,195,5
196_1,525,196,1
196_2,526,196,2
196_3,527,196,3
196_4,528,196,4
196_5,529,196,5
197_1,530,197,1
197_2,531,197,2
197_3,532,197,3
197_4,533,197,4
197_5,534,197,5
198_1,535,198,1
198_2,536,198,2
198_3,537,198,3
198_4,538,198,4
198_5,539,198,5
199_1,540,199,1
199_2,541,199,2
199_3,542,199,3
199_4,543,199,4
199_5,544,199,5
200_1,545,200,1
200_2,546,200,2
200_3,547,200,3
200_4,548,200,4
200_5,549,200,5
201_1,550,201,1
201_2,551,201,2
201_3,552,201,3
201_4,553,201,4
201_5,554,201,5
202_1,555,202,1
202_2,556,202,2
202_3,557,202,3
202_4,558,202,4
202_5,559,202,5
203_1,560,203,1
203_2,561,203,2
203_3,562,203,3
203_4,563,203,4
203_5,564,203,5
204_1,565,204,1
204_2,566,204,2
204_3,567,204,3
204_4,568,204,4
204_5,569,204,5
205_1,570,205,1
205_2,571,205,2
205_3,572,205,3
205_5,573,205,5
206_1,574,206,1
206_2,575,206,2
206_3,576,206,3
206_4,577,206,4
206_5,578,206,5
207_1,579,207,1
207_2,580,207,2
207_3,581,207,3
207_4,582,207,4
207_5,583,207,5
208_1,584,208,1
208_2,585,208,2
208_3,586,208,3
208_4,587,208,4
208_5,588,208,5
209_1,589,209,1
209_2,590,209,2
209_3,591,209,3
209_4,592,209,4
209_5,593,209,5
210_1,594,210,1
210_2,595,210,2
210_3,596,210,3
210_4,597,210,4
210_5,598,210,5
211_1,599,211,1
211_2,600,211,2
211_3,601,211,3
211_4,602,211,4
211_5,603,211,5
212_1,604,212,1
212_2,605,212,2
212_3,606,212,3
212_4,607,212,4
212_5,608,212,5
214_1,609,214,1
214_2,610,214,2
214_3,611,214,3
214_4,612,214,4
214_5,613,214,5
215_1,614,215,1
215_2,615,215,2
215_3,616,215,3
215_4,617,215,4
215_5,618,215,5
216_1,619,216,1
216_2,620,216,2
216_3,621,216,3
216_4,622,216,4
216_5,623,216,5
217_1,624,217,1
217_2,625,217,2
217_3,626,217,3
217_4,627,217,4
217_5,628,217,5
218_1,629,218,1
218_2,630,218,2
218_3,631,218,3
218_4,632,218,4
218_5,633,218,5
219_2,634,219,2
219_4,635,219,4
219_5,636,219,5
220_1,637,220,1
220_2,638,220,2
220_3,639,220,3
220_4,640,220,4
220_5,641,220,5
221_1,642,221,1
221_2,643,221,2
221_3,644,221,3
221_4,645,221,4
221_5,646,221,5
222_1,647,222,1
222_2,648,222,2
222_3,649,222,3
222_4,650,222,4
222_5,651,222,5
223_1,652,223,1
223_2,653,223,2
223_3,654,223,3
223_4,655,223,4
223_5,656,223,5
225_1,657,225,1
225_2,658,225,2
225_3,659,225,3
225_4,660,225,4
225_5,661,225,5
226_1,662,226,1
226_2,663,226,2
226_3,664,226,3
226_4,665,226,4
226_5,666,226,5
227_1,667,227,1
227_2,668,227,2
227_3,669,227,3
227_4,670,227,4
227_5,671,227,5
228_1,672,228,1
228_2,673,228,2
228_3,674,228,3
228_4,675,228,4
228_5,676,228,5
229_1,677,229,1
229_2,678,229,2
229_3,679,229,3
229_4,680,229,4
229_5,681,229,5
230_1,682,230,1
230_2,683,230,2
230_3,684,230,3
230_4,685,230,4
230_5,686,230,5
231_1,687,231,1
231_2,688,231,2
231_3,689,231,3
231_4,690,231,4
231_5,691,231,5
233_1,692,233,1
233_2,693,233,2
233_3,694,233,3
233_4,695,233,4
233_5,696,233,5
234_1,697,234,1
234_2,698,234,2
234_3,699,234,3
234_4,700,234,4
234_5,701,234,5
235_2,702,235,2
235_3,703,235,3
235_4,704,235,4
235_5,705,235,5
236_1,706,236,1
236_2,707,236,2
236_3,708,236,3
236_4,709,236,4
236_5,710,236,5
237_1,711,237,1
237_2,712,237,2
237_3,713,237,3
237_4,714,237,4
237_5,715,237,5
238_1,716,238,1
238_2,717,238,2
238_3,718,238,3
238_4,719,238,4
238_5,720,238,5
239_1,721,239,1
239_2,722,239,2
239_3,723,239,3
239_4,724,239,4
239_5,725,239,5
240_1,726,240,1
240_2,727,240,2
240_3,728,240,3
240_4,729,240,4
240_5,730,240,5
241_1,731,241,1
241_2,732,241,2
241_3,733,241,3
241_4,734,241,4
241_5,735,241,5
245_1,736,245,1
245_2,737,245,2
245_3,738,245,3
245_4,739,245,4
245_5,740,245,5
246_1,741,246,1
246_2,742,246,2
246_3,743,246,3
246_4,744,246,4
246_5,745,246,5
247_1,746,247,1
247_2,747,247,2
247_3,748,247,3
247_4,749,247,4
247_5,750,247,5
249_1,751,249,1
249_2,752,249,2
249_3,753,249,3
249_4,754,249,4
249_5,755,249,5
250_1,756,250,1
250_2,757,250,2
250_3,758,250,3
250_4,759,250,4
250_5,760,250,5
251_1,761,251,1
251_2,762,251,2
251_3,763,251,3
251_4,764,251,4
251_5,765,251,5
252_1,766,252,1
252_2,767,252,2
252_3,768,252,3
252_4,769,252,4
252_5,770,252,5
253_1,771,253,1
253_2,772,253,2
253_3,773,253,3
253_5,774,253,5
256_1,775,256,1
256_2,776,256,2
256_3,777,256,3
256_4,778,256,4
256_5,779,256,5
257_1,780,257,1
257_2,781,257,2
257_3,782,257,3
257_4,783,257,4
257_5,784,257,5
258_1,785,258,1
258_2,786,258,2
258_3,787,258,3
258_4,788,258,4
258_5,789,258,5
261_1,790,261,1
261_2,791,261,2
261_3,792,261,3
261_4,793,261,4
261_5,794,261,5
262_1,795,262,1
262_2,796,262,2
262_3,797,262,3
262_4,798,262,4
262_5,799,262,5
263_1,800,263,1
263_2,801,263,2
263_3,802,263,3
263_4,803,263,4
263_5,804,263,5
265_1,805,265,1
265_2,806,265,2
265_3,807,265,3
265_4,808,265,4
265_5,809,265,5
266_1,810,266,1
266_2,811,266,2
266_3,812,266,3
266_4,813,266,4
266_5,814,266,5
267_1,815,267,1
267_2,816,267,2
267_3,817,267,3
267_4,818,267,4
267_5,819,267,5
268_1,820,268,1
268_2,821,268,2
268_3,822,268,3
268_4,823,268,4
268_5,824,268,5
270_1,825,270,1
270_2,826,270,2
270_3,827,270,3
270_4,828,270,4
270_5,829,270,5
271_1,830,271,1
271_2,831,271,2
271_3,832,271,3
271_4,833,271,4
271_5,834,271,5
276_1,835,276,1
276_2,836,276,2
276_3,837,276,3
276_4,838,276,4
276_5,839,276,5
278_1,840,278,1
278_2,841,278,2
278_3,842,278,3
278_4,843,278,4
278_5,844,278,5
279_1,845,279,1
279_2,846,279,2
279_3,847,279,3
279_4,848,279,4
279_5,849,279,5
283_1,850,283,1
283_2,851,283,2
283_3,852,283,3
283_4,853,283,4
283_5,854,283,5
285_1,855,285,1
285_2,856,285,2
285_3,857,285,3
285_5,858,285,5
286_1,859,286,1
286_2,860,286,2
286_3,861,286,3
286_4,862,286,4
286_5,863,286,5
287_1,864,287,1
287_2,865,287,2
287_3,866,287,3
287_4,867,287,4
287_5,868,287,5
288_1,869,288,1
288_2,870,288,2
288_3,871,288,3
288_4,872,288,4
288_5,873,288,5
289_1,874,289,1
289_2,875,289,2
289_3,876,289,3
289_4,877,289,4
289_5,878,289,5
290_1,879,290,1
290_2,880,290,2
290_3,881,290,3
290_4,882,290,4
290_5,883,290,5
291_1,884,291,1
291_2,885,291,2
291_3,886,291,3
291_4,887,291,4
291_5,888,291,5
292_1,889,292,1
292_2,890,292,2
292_3,891,292,3
292_4,892,292,4
292_5,893,292,5
293_1,894,293,1
293_2,895,293,2
293_3,896,293,3
293_4,897,293,4
293_5,898,293,5
294_1,899,294,1
294_2,900,294,2
294_3,901,294,3
294_4,902,294,4
294_5,903,294,5
295_1,904,295,1
295_2,905,295,2
295_3,906,295,3
295_4,907,295,4
295_5,908,295,5
296_1,909,296,1
296_2,910,296,2
296_3,911,296,3
296_4,912,296,4
296_5,913,296,5
297_1,914,297,1
297_2,915,297,2
297_3,916,297,3
297_4,917,297,4
297_5,918,297,5
298_1,919,298,1
298_2,920,298,2
298_3,921,298,3
298_4,922,298,4
298_5,923,298,5
299_1,924,299,1
299_2,925,299,2
299_3,926,299,3
299_4,927,299,4
299_5,928,299,5
300_1,929,300,1
300_2,930,300,2
300_3,931,300,3
300_4,932,300,4
300_5,933,300,5
301_1,934,301,1
301_2,935,301,2
301_3,936,301,3
301_4,937,301,4
301_5,938,301,5
302_1,939,302,1
302_2,940,302,2
302_3,941,302,3
302_4,942,302,4
302_5,943,302,5
303_1,944,303,1
303_2,945,303,2
303_3,946,303,3
303_4,947,303,4
303_5,948,303,5
304_1,949,304,1
304_2,950,304,2
304_3,951,304,3
304_4,952,304,4
304_5,953,304,5
305_1,954,305,1
305_2,955,305,2
305_3,956,305,3
305_4,957,305,4
305_5,958,305,5
306_1,959,306,1
306_2,960,306,2
306_3,961,306,3
306_4,962,306,4
306_5,963,306,5
307_1,964,307,1
307_2,965,307,2
307_3,966,307,3
307_4,967,307,4
307_5,968,307,5
308_1,969,308,1
308_2,970,308,2
308_3,971,308,3
308_4,972,308,4
308_5,973,308,5
309_1,974,309,1
309_2,975,309,2
309_3,976,309,3
309_4,977,309,4
309_5,978,309,5
310_1,979,310,1
310_2,980,310,2
310_3,981,310,3
310_4,982,310,4
310_5,983,310,5
311_1,984,311,1
311_2,985,311,2
311_3,986,311,3
311_4,987,311,4
311_5,988,311,5
313_1,989,313,1
313_2,990,313,2
313_3,991,313,3
313_4,992,313,4
313_5,993,313,5
314_1,994,314,1
314_2,995,314,2
314_3,996,314,3
314_4,997,314,4
314_5,998,314,5
316_1,999,316,1
316_2,1000,316,2
316_3,1001,316,3
316_4,1002,316,4
316_5,1003,316,5
317_1,1004,317,1
317_2,1005,317,2
317_3,1006,317,3
317_4,1007,317,4
317_5,1008,317,5
318_1,1009,318,1
318_2,1010,318,2
318_3,1011,318,3
318_4,1012,318,4
318_5,1013,318,5
320_1,1014,320,1
320_2,1015,320,2
320_3,1016,320,3
320_4,1017,320,4
320_5,1018,320,5
321_1,1019,321,1
321_2,1020,321,2
321_3,1021,321,3
321_4,1022,321,4
321_5,1023,321,5
322_1,1024,322,1
322_2,1025,322,2
322_3,1026,322,3
322_4,1027,322,4
322_5,1028,322,5
323_1,1029,323,1
323_2,1030,323,2
323_3,1031,323,3
323_4,1032,323,4
323_5,1033,323,5
324_1,1034,324,1
324_2,1035,324,2
324_3,1036,324,3
324_4,1037,324,4
324_5,1038,324,5
325_1,1039,325,1
325_2,1040,325,2
325_3,1041,325,3
325_4,1042,325,4
325_5,1043,325,5
326_1,1044,326,1
326_2,1045,326,2
326_3,1046,326,3
326_4,1047,326,4
326_5,1048,326,5
327_1,1049,327,1
327_2,1050,327,2
327_3,1051,327,3
327_4,1052,327,4
327_5,1053,327,5
328_1,1054,328,1
328_2,1055,328,2
328_3,1056,328,3
328_4,1057,328,4
328_5,1058,328,5
329_1,1059,329,1
329_2,1060,329,2
329_3,1061,329,3
329_4,1062,329,4
329_5,1063,329,5
330_1,1064,330,1
330_2,1065,330,2
330_3,1066,330,3
330_4,1067,330,4
330_5,1068,330,5
331_1,1069,331,1
331_2,1070,331,2
331_3,1071,331,3
331_4,1072,331,4
331_5,1073,331,5
332_1,1074,332,1
332_2,1075,332,2
332_3,1076,332,3
332_4,1077,332,4
332_5,1078,332,5
333_1,1079,333,1
333_2,1080,333,2
333_3,1081,333,3
333_4,1082,333,4
333_5,1083,333,5
334_1,1084,334,1
334_2,1085,334,2
334_3,1086,334,3
334_4,1087,334,4
334_5,1088,334,5
340_1,1089,340,1
340_2,1090,340,2
340_3,1091,340,3
340_4,1092,340,4
340_5,1093,340,5
342_1,1094,342,1
342_2,1095,342,2
342_3,1096,342,3
342_4,1097,342,4
342_5,1098,342,5
344_1,1099,344,1
344_2,1100,344,2
344_3,1101,344,3
344_4,1102,344,4
344_5,1103,344,5
346_1,1104,346,1
346_2,1105,346,2
346_3,1106,346,3
346_4,1107,346,4
346_5,1108,346,5
348_1,1109,348,1
348_2,1110,348,2
348_3,1111,348,3
348_4,1112,348,4
348_5,1113,348,5
349_1,1114,349,1
349_2,1115,349,2
349_3,1116,349,3
349_4,1117,349,4
349_5,1118,349,5
350_1,1119,350,1
350_2,1120,350,2
350_3,1121,350,3
350_4,1122,350,4
350_5,1123,350,5
352_1,1124,352,1
352_2,1125,352,2
352_3,1126,352,3
352_4,1127,352,4
352_5,1128,352,5
354_1,1129,354,1
354_2,1130,354,2
354_3,1131,354,3
354_4,1132,354,4
354_5,1133,354,5
355_1,1134,355,1
355_2,1135,355,2
355_3,1136,355,3
355_4,1137,355,4
355_5,1138,355,5
356_1,1139,356,1
356_2,1140,356,2
356_3,1141,356,3
356_4,1142,356,4
356_5,1143,356,5
357_1,1144,357,1
357_2,1145,357,2
357_3,1146,357,3
357_4,1147,357,4
357_5,1148,357,5
359_1,1149,359,1
359_2,1150,359,2
359_3,1151,359,3
359_4,1152,359,4
359_5,1153,359,5
360_1,1154,360,1
360_2,1155,360,2
360_3,1156,360,3
360_4,1157,360,4
360_5,1158,360,5
362_1,1159,362,1
362_2,1160,362,2
362_3,1161,362,3
362_4,1162,362,4
362_5,1163,362,5
364_1,1164,364,1
364_2,1165,364,2
364_3,1166,364,3
364_4,1167,364,4
364_5,1168,364,5
366_1,1169,366,1
366_2,1170,366,2
366_3,1171,366,3
366_4,1172,366,4
366_5,1173,366,5
367_1,1174,367,1
367_2,1175,367,2
367_3,1176,367,3
367_4,1177,367,4
367_5,1178,367,5
369_1,1179,369,1
369_2,1180,369,2
369_3,1181,369,3
369_4,1182,369,4
369_5,1183,369,5
370_1,1184,370,1
370_2,1185,370,2
370_3,1186,370,3
370_4,1187,370,4
370_5,1188,370,5
371_1,1189,371,1
371_2,1190,371,2
371_3,1191,371,3
371_4,1192,371,4
371_5,1193,371,5
374_1,1194,374,1
374_2,1195,374,2
374_3,1196,374,3
374_4,1197,374,4
374_5,1198,374,5
376_2,1199,376,2
376_3,1200,376,3
376_4,1201,376,4
376_5,1202,376,5
377_1,1203,377,1
377_2,1204,377,2
377_3,1205,377,3
377_4,1206,377,4
377_5,1207,377,5
378_1,1208,378,1
378_2,1209,378,2
378_3,1210,378,3
378_4,1211,378,4
378_5,1212,378,5
383_1,1213,383,1
383_2,1214,383,2
383_3,1215,383,3
383_4,1216,383,4
383_5,1217,383,5
384_1,1218,384,1
384_2,1219,384,2
384_3,1220,384,3
384_4,1221,384,4
384_5,1222,384,5
386_1,1223,386,1
386_3,1224,386,3
386_4,1225,386,4
386_5,1226,386,5
388_1,1227,388,1
388_2,1228,388,2
388_3,1229,388,3
388_4,1230,388,4
388_5,1231,388,5
389_1,1232,389,1
389_2,1233,389,2
389_3,1234,389,3
389_4,1235,389,4
389_5,1236,389,5
390_1,1237,390,1
390_2,1238,390,2
390_3,1239,390,3
390_4,1240,390,4
390_5,1241,390,5
393_1,1242,393,1
393_2,1243,393,2
393_3,1244,393,3
393_4,1245,393,4
393_5,1246,393,5
396_1,1247,396,1
396_3,1248,396,3
399_1,1249,399,1
399_2,1250,399,2
399_3,1251,399,3
399_4,1252,399,4
399_5,1253,399,5
400_1,1254,400,1
400_2,1255,400,2
400_3,1256,400,3
400_4,1257,400,4
400_5,1258,400,5
403_1,1259,403,1
403_2,1260,403,2
403_3,1261,403,3
403_4,1262,403,4
403_5,1263,403,5
405_1,1264,405,1
405_2,1265,405,2
405_3,1266,405,3
405_4,1267,405,4
405_5,1268,405,5
407_1,1269,407,1
407_2,1270,407,2
407_3,1271,407,3
407_4,1272,407,4
407_5,1273,407,5
408_1,1274,408,1
408_2,1275,408,2
408_3,1276,408,3
408_4,1277,408,4
408_5,1278,408,5
409_2,1279,409,2
409_3,1280,409,3
409_4,1281,409,4
409_5,1282,409,5
412_1,1283,412,1
412_2,1284,412,2
412_3,1285,412,3
412_4,1286,412,4
412_5,1287,412,5
413_1,1288,413,1
413_2,1289,413,2
413_3,1290,413,3
413_4,1291,413,4
413_5,1292,413,5
416_1,1293,416,1
416_2,1294,416,2
416_3,1295,416,3
416_4,1296,416,4
416_5,1297,416,5
418_1,1298,418,1
418_2,1299,418,2
418_3,1300,418,3
418_4,1301,418,4
419_1,1302,419,1
419_2,1303,419,2
419_3,1304,419,3
419_4,1305,419,4
419_5,1306,419,5
420_1,1307,420,1
420_2,1308,420,2
420_3,1309,420,3
420_4,1310,420,4
420_5,1311,420,5
421_1,1312,421,1
421_2,1313,421,2
421_3,1314,421,3
421_4,1315,421,4
421_5,1316,421,5
422_1,1317,422,1
422_2,1318,422,2
422_3,1319,422,3
422_5,1320,422,5
423_2,1321,423,2
423_3,1322,423,3
423_5,1323,423,5
424_1,1324,424,1
424_2,1325,424,2
424_3,1326,424,3
424_4,1327,424,4
424_5,1328,424,5
425_1,1329,425,1
425_2,1330,425,2
425_3,1331,425,3
425_4,1332,425,4
425_5,1333,425,5
426_1,1334,426,1
426_2,1335,426,2
426_3,1336,426,3
426_4,1337,426,4
426_5,1338,426,5
427_1,1339,427,1
427_2,1340,427,2
427_3,1341,427,3
427_4,1342,427,4
427_5,1343,427,5
428_1,1344,428,1
428_2,1345,428,2
428_3,1346,428,3
428_4,1347,428,4
428_5,1348,428,5
429_1,1349,429,1
429_2,1350,429,2
429_3,1351,429,3
429_4,1352,429,4
429_5,1353,429,5
430_1,1354,430,1
430_2,1355,430,2
430_3,1356,430,3
430_4,1357,430,4
430_5,1358,430,5
431_1,1359,431,1
431_2,1360,431,2
431_3,1361,431,3
431_4,1362,431,4
431_5,1363,431,5
432_1,1364,432,1
432_2,1365,432,2
432_3,1366,432,3
432_4,1367,432,4
432_5,1368,432,5
433_1,1369,433,1
433_2,1370,433,2
433_3,1371,433,3
433_4,1372,433,4
433_5,1373,433,5
434_1,1374,434,1
434_2,1375,434,2
434_3,1376,434,3
434_4,1377,434,4
434_5,1378,434,5
436_1,1379,436,1
436_2,1380,436,2
436_3,1381,436,3
436_4,1382,436,4
436_5,1383,436,5
437_1,1384,437,1
437_2,1385,437,2
437_3,1386,437,3
437_5,1387,437,5
438_1,1388,438,1
438_2,1389,438,2
438_3,1390,438,3
438_4,1391,438,4
438_5,1392,438,5
439_2,1393,439,2
439_3,1394,439,3
439_5,1395,439,5
440_1,1396,440,1
440_2,1397,440,2
440_3,1398,440,3
440_4,1399,440,4
440_5,1400,440,5
441_1,1401,441,1
441_2,1402,441,2
441_3,1403,441,3
441_4,1404,441,4
441_5,1405,441,5
442_1,1406,442,1
442_2,1407,442,2
442_3,1408,442,3
442_4,1409,442,4
442_5,1410,442,5
443_1,1411,443,1
443_2,1412,443,2
443_3,1413,443,3
443_4,1414,443,4
443_5,1415,443,5
444_1,1416,444,1
444_2,1417,444,2
444_3,1418,444,3
444_4,1419,444,4
444_5,1420,444,5
445_1,1421,445,1
445_2,1422,445,2
445_3,1423,445,3
445_4,1424,445,4
445_5,1425,445,5
446_1,1426,446,1
446_2,1427,446,2
446_3,1428,446,3
446_4,1429,446,4
446_5,1430,446,5
447_1,1431,447,1
447_2,1432,447,2
447_3,1433,447,3
447_4,1434,447,4
447_5,1435,447,5
448_1,1436,448,1
448_2,1437,448,2
448_3,1438,448,3
448_4,1439,448,4
448_5,1440,448,5
450_1,1441,450,1
450_2,1442,450,2
450_3,1443,450,3
450_4,1444,450,4
450_5,1445,450,5
453_1,1446,453,1
453_2,1447,453,2
453_3,1448,453,3
453_4,1449,453,4
453_5,1450,453,5
454_1,1451,454,1
454_2,1452,454,2
454_3,1453,454,3
454_4,1454,454,4
454_5,1455,454,5
455_1,1456,455,1
455_2,1457,455,2
455_3,1458,455,3
455_4,1459,455,4
455_5,1460,455,5
456_1,1461,456,1
456_2,1462,456,2
456_3,1463,456,3
456_4,1464,456,4
456_5,1465,456,5
457_1,1466,457,1
457_2,1467,457,2
457_3,1468,457,3
457_4,1469,457,4
457_5,1470,457,5
458_1,1471,458,1
458_2,1472,458,2
458_3,1473,458,3
458_4,1474,458,4
458_5,1475,458,5
459_1,1476,459,1
459_2,1477,459,2
459_3,1478,459,3
459_4,1479,459,4
459_5,1480,459,5
460_1,1481,460,1
460_2,1482,460,2
460_3,1483,460,3
460_4,1484,460,4
460_5,1485,460,5
461_1,1486,461,1
461_2,1487,461,2
461_3,1488,461,3
461_4,1489,461,4
461_5,1490,461,5
463_1,1491,463,1
463_2,1492,463,2
463_3,1493,463,3
463_4,1494,463,4
463_5,1495,463,5
464_1,1496,464,1
464_2,1497,464,2
464_3,1498,464,3
464_4,1499,464,4
464_5,1500,464,5
465_1,1501,465,1
465_2,1502,465,2
465_3,1503,465,3
465_4,1504,465,4
465_5,1505,465,5
466_1,1506,466,1
466_2,1507,466,2
466_3,1508,466,3
466_4,1509,466,4
466_5,1510,466,5
467_1,1511,467,1
467_2,1512,467,2
467_3,1513,467,3
467_4,1514,467,4
467_5,1515,467,5
468_1,1516,468,1
468_2,1517,468,2
468_3,1518,468,3
468_4,1519,468,4
468_5,1520,468,5
469_1,1521,469,1
469_2,1522,469,2
469_4,1523,469,4
469_5,1524,469,5
471_1,1525,471,1
471_2,1526,471,2
471_3,1527,471,3
471_4,1528,471,4
471_5,1529,471,5
472_1,1530,472,1
472_2,1531,472,2
472_3,1532,472,3
472_4,1533,472,4
472_5,1534,472,5
474_1,1535,474,1
474_2,1536,474,2
474_3,1537,474,3
474_4,1538,474,4
474_5,1539,474,5
475_1,1540,475,1
475_2,1541,475,2
475_3,1542,475,3
475_4,1543,475,4
475_5,1544,475,5
476_1,1545,476,1
476_2,1546,476,2
476_3,1547,476,3
476_4,1548,476,4
476_5,1549,476,5
477_1,1550,477,1
477_2,1551,477,2
477_3,1552,477,3
477_4,1553,477,4
477_5,1554,477,5
479_1,1555,479,1
479_2,1556,479,2
479_3,1557,479,3
479_4,1558,479,4
479_5,1559,479,5
481_1,1560,481,1
481_2,1561,481,2
481_3,1562,481,3
481_4,1563,481,4
481_5,1564,481,5
482_1,1565,482,1
482_2,1566,482,2
482_3,1567,482,3
482_4,1568,482,4
482_5,1569,482,5
484_1,1570,484,1
484_2,1571,484,2
484_3,1572,484,3
484_4,1573,484,4
484_5,1574,484,5
485_1,1575,485,1
485_2,1576,485,2
485_3,1577,485,3
485_4,1578,485,4
485_5,1579,485,5
487_1,1580,487,1
487_2,1581,487,2
487_3,1582,487,3
487_4,1583,487,4
487_5,1584,487,5
488_1,1585,488,1
488_2,1586,488,2
488_3,1587,488,3
488_4,1588,488,4
488_5,1589,488,5
489_1,1590,489,1
489_2,1591,489,2
489_3,1592,489,3
489_4,1593,489,4
489_5,1594,489,5
490_1,1595,490,1
490_2,1596,490,2
490_3,1597,490,3
490_4,1598,490,4
490_5,1599,490,5
491_1,1600,491,1
491_2,1601,491,2
491_3,1602,491,3
491_4,1603,491,4
491_5,1604,491,5
492_1,1605,492,1
492_2,1606,492,2
492_3,1607,492,3
492_4,1608,492,4
492_5,1609,492,5
493_5,1610,493,5
494_1,1611,494,1
494_2,1612,494,2
494_3,1613,494,3
494_4,1614,494,4
494_5,1615,494,5
497_1,1616,497,1
497_2,1617,497,2
497_3,1618,497,3
497_4,1619,497,4
497_5,1620,497,5
498_1,1621,498,1
498_2,1622,498,2
498_3,1623,498,3
498_4,1624,498,4
498_5,1625,498,5
499_1,1626,499,1
499_2,1627,499,2
499_3,1628,499,3
499_4,1629,499,4
499_5,1630,499,5
500_1,1631,500,1
500_2,1632,500,2
500_3,1633,500,3
500_4,1634,500,4
500_5,1635,500,5
501_1,1636,501,1
501_2,1637,501,2
501_3,1638,501,3
501_4,1639,501,4
501_5,1640,501,5
502_1,1641,502,1
502_2,1642,502,2
502_3,1643,502,3
502_4,1644,502,4
502_5,1645,502,5
503_1,1646,503,1
503_2,1647,503,2
503_3,1648,503,3
503_4,1649,503,4
503_5,1650,503,5
504_1,1651,504,1
504_2,1652,504,2
504_3,1653,504,3
504_4,1654,504,4
504_5,1655,504,5
506_1,1656,506,1
506_2,1657,506,2
506_3,1658,506,3
506_4,1659,506,4
506_5,1660,506,5
507_1,1661,507,1
507_2,1662,507,2
507_3,1663,507,3
507_4,1664,507,4
507_5,1665,507,5
510_1,1666,510,1
510_2,1667,510,2
510_3,1668,510,3
510_4,1669,510,4
510_5,1670,510,5
511_1,1671,511,1
511_2,1672,511,2
511_3,1673,511,3
511_4,1674,511,4
511_5,1675,511,5
512_1,1676,512,1
512_2,1677,512,2
512_3,1678,512,3
512_4,1679,512,4
512_5,1680,512,5
514_1,1681,514,1
514_2,1682,514,2
514_3,1683,514,3
514_4,1684,514,4
514_5,1685,514,5
515_1,1686,515,1
515_2,1687,515,2
515_3,1688,515,3
515_4,1689,515,4
515_5,1690,515,5
516_1,1691,516,1
516_2,1692,516,2
516_3,1693,516,3
516_4,1694,516,4
516_5,1695,516,5
517_1,1696,517,1
517_2,1697,517,2
517_3,1698,517,3
517_4,1699,517,4
517_5,1700,517,5
518_1,1701,518,1
518_2,1702,518,2
518_3,1703,518,3
518_4,1704,518,4
518_5,1705,518,5
519_1,1706,519,1
519_2,1707,519,2
519_3,1708,519,3
519_4,1709,519,4
519_5,1710,519,5
521_1,1711,521,1
521_2,1712,521,2
521_3,1713,521,3
521_4,1714,521,4
521_5,1715,521,5
522_1,1716,522,1
522_2,1717,522,2
522_3,1718,522,3
522_4,1719,522,4
522_5,1720,522,5
523_1,1721,523,1
523_2,1722,523,2
523_3,1723,523,3
523_4,1724,523,4
523_5,1725,523,5
524_1,1726,524,1
524_2,1727,524,2
524_3,1728,524,3
524_4,1729,524,4
524_5,1730,524,5
525_1,1731,525,1
525_2,1732,525,2
525_3,1733,525,3
525_4,1734,525,4
525_5,1735,525,5
526_1,1736,526,1
526_2,1737,526,2
526_3,1738,526,3
526_4,1739,526,4
526_5,1740,526,5
527_1,1741,527,1
527_2,1742,527,2
527_3,1743,527,3
527_4,1744,527,4
527_5,1745,527,5
528_1,1746,528,1
528_2,1747,528,2
528_3,1748,528,3
528_4,1749,528,4
528_5,1750,528,5
529_1,1751,529,1
529_2,1752,529,2
529_3,1753,529,3
529_4,1754,529,4
529_5,1755,529,5
530_1,1756,530,1
530_2,1757,530,2
530_3,1758,530,3
530_4,1759,530,4
530_5,1760,530,5
531_1,1761,531,1
531_2,1762,531,2
531_3,1763,531,3
531_4,1764,531,4
531_5,1765,531,5
532_1,1766,532,1
532_2,1767,532,2
532_3,1768,532,3
532_4,1769,532,4
532_5,1770,532,5
533_1,1771,533,1
533_3,1772,533,3
533_4,1773,533,4
533_5,1774,533,5
534_1,1775,534,1
534_2,1776,534,2
534_3,1777,534,3
534_4,1778,534,4
534_5,1779,534,5
535_1,1780,535,1
535_2,1781,535,2
535_3,1782,535,3
535_4,1783,535,4
535_5,1784,535,5
536_1,1785,536,1
536_2,1786,536,2
536_3,1787,536,3
536_4,1788,536,4
536_5,1789,536,5
537_1,1790,537,1
537_2,1791,537,2
537_3,1792,537,3
537_4,1793,537,4
537_5,1794,537,5
538_1,1795,538,1
538_2,1796,538,2
538_3,1797,538,3
538_4,1798,538,4
539_1,1799,539,1
539_2,1800,539,2
539_3,1801,539,3
539_4,1802,539,4
539_5,1803,539,5
540_1,1804,540,1
540_2,1805,540,2
540_3,1806,540,3
540_4,1807,540,4
540_5,1808,540,5
541_1,1809,541,1
541_2,1810,541,2
541_3,1811,541,3
541_4,1812,541,4
541_5,1813,541,5
542_1,1814,542,1
542_2,1815,542,2
542_3,1816,542,3
542_4,1817,542,4
542_5,1818,542,5
543_1,1819,543,1
543_2,1820,543,2
543_3,1821,543,3
543_4,1822,543,4
543_5,1823,543,5
544_1,1824,544,1
544_2,1825,544,2
544_3,1826,544,3
544_4,1827,544,4
544_5,1828,544,5
545_1,1829,545,1
545_2,1830,545,2
545_3,1831,545,3
545_4,1832,545,4
545_5,1833,545,5
546_1,1834,546,1
546_2,1835,546,2
546_3,1836,546,3
546_4,1837,546,4
546_5,1838,546,5
547_1,1839,547,1
547_2,1840,547,2
547_3,1841,547,3
547_4,1842,547,4
547_5,1843,547,5
548_1,1844,548,1
548_2,1845,548,2
548_3,1846,548,3
548_4,1847,548,4
548_5,1848,548,5
554_1,1849,554,1
554_2,1850,554,2
554_3,1851,554,3
554_4,1852,554,4
554_5,1853,554,5
562_1,1854,562,1
562_2,1855,562,2
562_3,1856,562,3
562_4,1857,562,4
562_5,1858,562,5
563_1,1859,563,1
563_2,1860,563,2
563_3,1861,563,3
563_4,1862,563,4
563_5,1863,563,5
565_1,1864,565,1
565_2,1865,565,2
565_3,1866,565,3
565_4,1867,565,4
565_5,1868,565,5
567_1,1869,567,1
567_2,1870,567,2
567_3,1871,567,3
567_4,1872,567,4
567_5,1873,567,5
569_1,1874,569,1
569_2,1875,569,2
569_3,1876,569,3
569_4,1877,569,4
569_5,1878,569,5
570_1,1879,570,1
570_2,1880,570,2
570_4,1881,570,4
570_5,1882,570,5
572_1,1883,572,1
572_2,1884,572,2
572_3,1885,572,3
572_4,1886,572,4
572_5,1887,572,5
575_1,1888,575,1
575_2,1889,575,2
575_3,1890,575,3
575_4,1891,575,4
575_5,1892,575,5
576_1,1893,576,1
576_2,1894,576,2
576_3,1895,576,3
576_4,1896,576,4
576_5,1897,576,5
578_1,1898,578,1
578_2,1899,578,2
578_3,1900,578,3
578_4,1901,578,4
578_5,1902,578,5
580_1,1903,580,1
580_3,1904,580,3
580_4,1905,580,4
580_5,1906,580,5
581_1,1907,581,1
581_2,1908,581,2
581_3,1909,581,3
581_4,1910,581,4
581_5,1911,581,5
582_1,1912,582,1
582_2,1913,582,2
582_4,1914,582,4
582_5,1915,582,5
583_1,1916,583,1
583_2,1917,583,2
583_3,1918,583,3
583_4,1919,583,4
583_5,1920,583,5
585_1,1921,585,1
585_3,1922,585,3
585_4,1923,585,4
585_5,1924,585,5
591_1,1925,591,1
591_2,1926,591,2
591_3,1927,591,3
591_5,1928,591,5
592_1,1929,592,1
592_2,1930,592,2
592_3,1931,592,3
592_4,1932,592,4
592_5,1933,592,5
599_2,1934,599,2
599_3,1935,599,3
599_4,1936,599,4
599_5,1937,599,5
601_1,1938,601,1
601_2,1939,601,2
601_3,1940,601,3
601_4,1941,601,4
601_5,1942,601,5
602_1,1943,602,1
602_2,1944,602,2
602_3,1945,602,3
602_4,1946,602,4
602_5,1947,602,5
603_3,1948,603,3
603_4,1949,603,4
603_5,1950,603,5
604_1,1951,604,1
604_2,1952,604,2
604_3,1953,604,3
604_4,1954,604,4
604_5,1955,604,5
605_1,1956,605,1
605_2,1957,605,2
605_3,1958,605,3
605_4,1959,605,4
605_5,1960,605,5
606_1,1961,606,1
606_2,1962,606,2
606_3,1963,606,3
606_4,1964,606,4
606_5,1965,606,5
607_1,1966,607,1
607_2,1967,607,2
607_3,1968,607,3
607_4,1969,607,4
607_5,1970,607,5
609_1,1971,609,1
609_2,1972,609,2
609_3,1973,609,3
609_4,1974,609,4
609_5,1975,609,5
610_1,1976,610,1
610_2,1977,610,2
610_3,1978,610,3
610_4,1979,610,4
610_5,1980,610,5
612_1,1981,612,1
612_2,1982,612,2
612_3,1983,612,3
612_4,1984,612,4
612_5,1985,612,5
613_1,1986,613,1
613_2,1987,613,2
613_3,1988,613,3
613_4,1989,613,4
613_5,1990,613,5
614_1,1991,614,1
614_2,1992,614,2
614_3,1993,614,3
614_4,1994,614,4
614_5,1995,614,5
615_1,1996,615,1
615_2,1997,615,2
615_3,1998,615,3
615_4,1999,615,4
615_5,2000,615,5
616_2,2001,616,2
616_4,2002,616,4
616_5,2003,616,5
617_1,2004,617,1
617_2,2005,617,2
617_3,2006,617,3
617_4,2007,617,4
617_5,2008,617,5
618_1,2009,618,1
618_2,2010,618,2
618_3,2011,618,3
618_4,2012,618,4
618_5,2013,618,5
619_1,2014,619,1
619_2,2015,619,2
619_3,2016,619,3
619_4,2017,619,4
619_5,2018,619,5
620_1,2019,620,1
620_2,2020,620,2
620_3,2021,620,3
620_4,2022,620,4
620_5,2023,620,5
621_1,2024,621,1
621_2,2025,621,2
621_3,2026,621,3
621_4,2027,621,4
621_5,2028,621,5
622_1,2029,622,1
622_2,2030,622,2
622_3,2031,622,3
622_4,2032,622,4
622_5,2033,622,5
625_1,2034,625,1
625_2,2035,625,2
625_3,2036,625,3
625_4,2037,625,4
625_5,2038,625,5
627_1,2039,627,1
627_2,2040,627,2
627_3,2041,627,3
627_4,2042,627,4
627_5,2043,627,5
629_1,2044,629,1
629_2,2045,629,2
629_3,2046,629,3
629_4,2047,629,4
629_5,2048,629,5
630_1,2049,630,1
630_2,2050,630,2
630_3,2051,630,3
630_4,2052,630,4
630_5,2053,630,5
631_1,2054,631,1
631_2,2055,631,2
631_3,2056,631,3
631_4,2057,631,4
631_5,2058,631,5
632_1,2059,632,1
632_2,2060,632,2
632_3,2061,632,3
632_4,2062,632,4
632_5,2063,632,5
635_1,2064,635,1
635_2,2065,635,2
635_3,2066,635,3
635_4,2067,635,4
635_5,2068,635,5
637_1,2069,637,1
637_2,2070,637,2
637_3,2071,637,3
637_4,2072,637,4
637_5,2073,637,5
641_1,2074,641,1
641_2,2075,641,2
641_3,2076,641,3
641_4,2077,641,4
641_5,2078,641,5
644_1,2079,644,1
644_2,2080,644,2
644_3,2081,644,3
644_4,2082,644,4
644_5,2083,644,5
646_1,2084,646,1
646_2,2085,646,2
646_3,2086,646,3
646_4,2087,646,4
646_5,2088,646,5
652_1,2089,652,1
652_2,2090,652,2
652_3,2091,652,3
652_4,2092,652,4
652_5,2093,652,5
660_1,2094,660,1
660_2,2095,660,2
660_3,2096,660,3
660_4,2097,660,4
660_5,2098,660,5
661_1,2099,661,1
661_2,2100,661,2
661_3,2101,661,3
661_4,2102,661,4
661_5,2103,661,5
669_1,2104,669,1
669_2,2105,669,2
669_3,2106,669,3
669_4,2107,669,4
669_5,2108,669,5
676_3,2109,676,3
676_4,2110,676,4
676_5,2111,676,5
679_1,2112,679,1
679_3,2113,679,3
679_4,2114,679,4
679_5,2115,679,5
680_1,2116,680,1
680_2,2117,680,2
680_4,2118,680,4
680_5,2119,680,5
681_1,2120,681,1
681_2,2121,681,2
681_3,2122,681,3
681_4,2123,681,4
681_5,2124,681,5
682_1,2125,682,1
682_2,2126,682,2
682_3,2127,682,3
682_4,2128,682,4
682_5,2129,682,5
683_1,2130,683,1
683_2,2131,683,2
683_3,2132,683,3
683_4,2133,683,4
683_5,2134,683,5
685_2,2135,685,2
686_1,2136,686,1
686_2,2137,686,2
686_3,2138,686,3
686_4,2139,686,4
686_5,2140,686,5
687_1,2141,687,1
687_2,2142,687,2
687_3,2143,687,3
687_4,2144,687,4
687_5,2145,687,5
688_1,2146,688,1
688_2,2147,688,2
688_3,2148,688,3
688_4,2149,688,4
688_5,2150,688,5
689_1,2151,689,1
689_2,2152,689,2
689_3,2153,689,3
689_4,2154,689,4
689_5,2155,689,5
690_1,2156,690,1
690_2,2157,690,2
690_3,2158,690,3
690_4,2159,690,4
690_5,2160,690,5
691_1,2161,691,1
691_2,2162,691,2
691_3,2163,691,3
691_4,2164,691,4
691_5,2165,691,5
692_1,2166,692,1
692_3,2167,692,3
692_4,2168,692,4
692_5,2169,692,5
693_1,2170,693,1
693_2,2171,693,2
693_3,2172,693,3
693_4,2173,693,4
693_5,2174,693,5
694_1,2175,694,1
694_2,2176,694,2
694_3,2177,694,3
694_4,2178,694,4
694_5,2179,694,5
696_1,2180,696,1
696_2,2181,696,2
696_3,2182,696,3
696_4,2183,696,4
696_5,2184,696,5
697_1,2185,697,1
697_2,2186,697,2
697_3,2187,697,3
697_4,2188,697,4
697_5,2189,697,5
699_1,2190,699,1
699_2,2191,699,2
699_3,2192,699,3
699_4,2193,699,4
699_5,2194,699,5
701_1,2195,701,1
701_2,2196,701,2
701_3,2197,701,3
701_4,2198,701,4
701_5,2199,701,5
703_1,2200,703,1
703_2,2201,703,2
703_3,2202,703,3
703_4,2203,703,4
703_5,2204,703,5
704_1,2205,704,1
704_2,2206,704,2
704_3,2207,704,3
704_4,2208,704,4
704_5,2209,704,5
705_1,2210,705,1
705_2,2211,705,2
705_3,2212,705,3
705_4,2213,705,4
705_5,2214,705,5
706_1,2215,706,1
706_2,2216,706,2
706_3,2217,706,3
706_4,2218,706,4
706_5,2219,706,5
707_1,2220,707,1
707_2,2221,707,2
707_3,2222,707,3
707_4,2223,707,4
707_5,2224,707,5
708_1,2225,708,1
708_2,2226,708,2
708_3,2227,708,3
708_4,2228,708,4
708_5,2229,708,5
709_1,2230,709,1
709_2,2231,709,2
709_3,2232,709,3
709_4,2233,709,4
709_5,2234,709,5
710_2,2235,710,2
710_3,2236,710,3
711_1,2237,711,1
711_2,2238,711,2
711_3,2239,711,3
711_4,2240,711,4
711_5,2241,711,5
712_1,2242,712,1
712_2,2243,712,2
712_3,2244,712,3
712_4,2245,712,4
712_5,2246,712,5
714_1,2247,714,1
714_2,2248,714,2
714_3,2249,714,3
714_4,2250,714,4
714_5,2251,714,5
715_1,2252,715,1
715_2,2253,715,2
715_3,2254,715,3
715_4,2255,715,4
715_5,2256,715,5
716_1,2257,716,1
716_2,2258,716,2
716_3,2259,716,3
716_4,2260,716,4
716_5,2261,716,5
717_1,2262,717,1
717_2,2263,717,2
717_3,2264,717,3
717_4,2265,717,4
717_5,2266,717,5
718_1,2267,718,1
718_2,2268,718,2
718_3,2269,718,3
718_4,2270,718,4
718_5,2271,718,5
720_1,2272,720,1
720_2,2273,720,2
720_3,2274,720,3
720_4,2275,720,4
720_5,2276,720,5
722_1,2277,722,1
722_2,2278,722,2
722_3,2279,722,3
722_4,2280,722,4
722_5,2281,722,5
724_1,2282,724,1
724_2,2283,724,2
724_3,2284,724,3
724_4,2285,724,4
724_5,2286,724,5
725_1,2287,725,1
725_2,2288,725,2
725_3,2289,725,3
725_4,2290,725,4
725_5,2291,725,5
726_1,2292,726,1
726_2,2293,726,2
726_3,2294,726,3
726_4,2295,726,4
726_5,2296,726,5
727_1,2297,727,1
727_2,2298,727,2
727_3,2299,727,3
727_4,2300,727,4
727_5,2301,727,5
728_2,2302,728,2
728_3,2303,728,3
728_4,2304,728,4
728_5,2305,728,5
730_1,2306,730,1
730_2,2307,730,2
730_3,2308,730,3
730_4,2309,730,4
730_5,2310,730,5
732_1,2311,732,1
732_2,2312,732,2
732_3,2313,732,3
732_4,2314,732,4
732_5,2315,732,5
733_1,2316,733,1
733_3,2317,733,3
733_4,2318,733,4
733_5,2319,733,5
734_1,2320,734,1
734_2,2321,734,2
734_3,2322,734,3
734_4,2323,734,4
734_5,2324,734,5
735_1,2325,735,1
735_2,2326,735,2
735_3,2327,735,3
735_4,2328,735,4
735_5,2329,735,5
737_1,2330,737,1
737_2,2331,737,2
737_3,2332,737,3
737_4,2333,737,4
737_5,2334,737,5
744_3,2335,744,3
747_1,2336,747,1
747_2,2337,747,2
747_3,2338,747,3
747_4,2339,747,4
747_5,2340,747,5
748_2,2341,748,2
748_5,2342,748,5
749_1,2343,749,1
749_2,2344,749,2
749_3,2345,749,3
749_4,2346,749,4
749_5,2347,749,5
751_1,2348,751,1
751_2,2349,751,2
751_3,2350,751,3
751_5,2351,751,5
752_1,2352,752,1
752_2,2353,752,2
752_3,2354,752,3
752_4,2355,752,4
752_5,2356,752,5
754_1,2357,754,1
754_2,2358,754,2
754_3,2359,754,3
754_4,2360,754,4
754_5,2361,754,5
755_2,2362,755,2
755_4,2363,755,4
756_1,2364,756,1
756_2,2365,756,2
756_3,2366,756,3
756_4,2367,756,4
756_5,2368,756,5
757_1,2369,757,1
757_2,2370,757,2
757_3,2371,757,3
757_4,2372,757,4
757_5,2373,757,5
759_1,2374,759,1
759_2,2375,759,2
759_3,2376,759,3
759_4,2377,759,4
759_5,2378,759,5
763_1,2379,763,1
763_2,2380,763,2
763_3,2381,763,3
763_4,2382,763,4
763_5,2383,763,5
767_1,2384,767,1
767_2,2385,767,2
767_3,2386,767,3
767_4,2387,767,4
768_1,2388,768,1
768_2,2389,768,2
768_3,2390,768,3
768_4,2391,768,4
768_5,2392,768,5
769_1,2393,769,1
769_2,2394,769,2
769_3,2395,769,3
769_4,2396,769,4
769_5,2397,769,5
770_1,2398,770,1
770_3,2399,770,3
770_4,2400,770,4
770_5,2401,770,5
772_1,2402,772,1
772_2,2403,772,2
772_3,2404,772,3
772_4,2405,772,4
772_5,2406,772,5
777_1,2407,777,1
777_2,2408,777,2
777_3,2409,777,3
777_4,2410,777,4
777_5,2411,777,5
778_1,2412,778,1
778_2,2413,778,2
778_3,2414,778,3
778_4,2415,778,4
778_5,2416,778,5
779_1,2417,779,1
779_2,2418,779,2
779_3,2419,779,3
779_4,2420,779,4
779_5,2421,779,5
782_1,2422,782,1
782_2,2423,782,2
782_3,2424,782,3
782_4,2425,782,4
782_5,2426,782,5
785_1,2427,785,1
785_2,2428,785,2
785_3,2429,785,3
785_4,2430,785,4
785_5,2431,785,5
786_1,2432,786,1
786_2,2433,786,2
786_3,2434,786,3
786_4,2435,786,4
786_5,2436,786,5
787_1,2437,787,1
787_2,2438,787,2
787_3,2439,787,3
787_4,2440,787,4
787_5,2441,787,5
788_1,2442,788,1
788_2,2443,788,2
788_3,2444,788,3
788_4,2445,788,4
788_5,2446,788,5
789_1,2447,789,1
789_2,2448,789,2
789_3,2449,789,3
789_4,2450,789,4
789_5,2451,789,5
790_1,2452,790,1
790_2,2453,790,2
790_3,2454,790,3
790_4,2455,790,4
790_5,2456,790,5
791_1,2457,791,1
791_2,2458,791,2
791_3,2459,791,3
791_4,2460,791,4
791_5,2461,791,5
792_1,2462,792,1
792_2,2463,792,2
792_3,2464,792,3
792_4,2465,792,4
792_5,2466,792,5
793_1,2467,793,1
793_2,2468,793,2
793_3,2469,793,3
793_4,2470,793,4
793_5,2471,793,5
794_1,2472,794,1
794_2,2473,794,2
794_3,2474,794,3
794_4,2475,794,4
794_5,2476,794,5
795_1,2477,795,1
795_2,2478,795,2
795_3,2479,795,3
795_4,2480,795,4
795_5,2481,795,5
797_1,2482,797,1
797_2,2483,797,2
797_3,2484,797,3
797_4,2485,797,4
797_5,2486,797,5
798_1,2487,798,1
798_2,2488,798,2
798_3,2489,798,3
798_4,2490,798,4
798_5,2491,798,5
800_1,2492,800,1
800_2,2493,800,2
800_3,2494,800,3
800_4,2495,800,4
800_5,2496,800,5
802_1,2497,802,1
802_2,2498,802,2
802_3,2499,802,3
802_4,2500,802,4
802_5,2501,802,5
804_1,2502,804,1
804_2,2503,804,2
804_3,2504,804,3
804_4,2505,804,4
804_5,2506,804,5
805_1,2507,805,1
805_2,2508,805,2
805_3,2509,805,3
805_4,2510,805,4
805_5,2511,805,5
806_1,2512,806,1
806_2,2513,806,2
806_3,2514,806,3
806_4,2515,806,4
806_5,2516,806,5
808_1,2517,808,1
808_2,2518,808,2
808_3,2519,808,3
808_4,2520,808,4
808_5,2521,808,5
809_1,2522,809,1
809_2,2523,809,2
809_3,2524,809,3
809_4,2525,809,4
809_5,2526,809,5
810_1,2527,810,1
810_2,2528,810,2
810_3,2529,810,3
810_4,2530,810,4
810_5,2531,810,5
811_1,2532,811,1
811_2,2533,811,2
811_3,2534,811,3
811_4,2535,811,4
811_5,2536,811,5
812_1,2537,812,1
812_2,2538,812,2
812_3,2539,812,3
812_4,2540,812,4
812_5,2541,812,5
813_1,2542,813,1
813_2,2543,813,2
813_3,2544,813,3
813_4,2545,813,4
813_5,2546,813,5
814_1,2547,814,1
814_2,2548,814,2
814_3,2549,814,3
814_4,2550,814,4
814_5,2551,814,5
815_1,2552,815,1
815_2,2553,815,2
815_3,2554,815,3
815_4,2555,815,4
815_5,2556,815,5
816_2,2557,816,2
816_3,2558,816,3
816_4,2559,816,4
818_1,2560,818,1
818_2,2561,818,2
818_3,2562,818,3
818_4,2563,818,4
818_5,2564,818,5
820_1,2565,820,1
820_2,2566,820,2
820_3,2567,820,3
820_4,2568,820,4
820_5,2569,820,5
821_1,2570,821,1
821_2,2571,821,2
821_3,2572,821,3
821_4,2573,821,4
821_5,2574,821,5
823_1,2575,823,1
823_2,2576,823,2
823_3,2577,823,3
823_4,2578,823,4
823_5,2579,823,5
824_1,2580,824,1
824_2,2581,824,2
824_3,2582,824,3
824_4,2583,824,4
824_5,2584,824,5
825_1,2585,825,1
825_2,2586,825,2
825_3,2587,825,3
825_4,2588,825,4
825_5,2589,825,5
826_1,2590,826,1
826_2,2591,826,2
826_3,2592,826,3
829_1,2593,829,1
829_2,2594,829,2
829_3,2595,829,3
829_4,2596,829,4
829_5,2597,829,5
830_1,2598,830,1
830_2,2599,830,2
830_3,2600,830,3
830_4,2601,830,4
830_5,2602,830,5
831_1,2603,831,1
831_2,2604,831,2
831_3,2605,831,3
831_4,2606,831,4
831_5,2607,831,5
832_1,2608,832,1
832_2,2609,832,2
832_3,2610,832,3
832_4,2611,832,4
832_5,2612,832,5
834_1,2613,834,1
834_2,2614,834,2
834_3,2615,834,3
834_4,2616,834,4
834_5,2617,834,5
835_1,2618,835,1
835_2,2619,835,2
835_3,2620,835,3
835_4,2621,835,4
835_5,2622,835,5
837_1,2623,837,1
837_2,2624,837,2
837_3,2625,837,3
837_4,2626,837,4
837_5,2627,837,5
839_1,2628,839,1
839_2,2629,839,2
839_3,2630,839,3
839_4,2631,839,4
840_1,2632,840,1
840_2,2633,840,2
840_3,2634,840,3
840_4,2635,840,4
840_5,2636,840,5
841_1,2637,841,1
841_2,2638,841,2
841_3,2639,841,3
841_4,2640,841,4
841_5,2641,841,5
842_1,2642,842,1
842_2,2643,842,2
842_3,2644,842,3
842_4,2645,842,4
842_5,2646,842,5
843_1,2647,843,1
843_2,2648,843,2
843_3,2649,843,3
843_4,2650,843,4
843_5,2651,843,5
845_1,2652,845,1
845_2,2653,845,2
845_5,2654,845,5
846_1,2655,846,1
846_2,2656,846,2
846_3,2657,846,3
846_4,2658,846,4
846_5,2659,846,5
850_1,2660,850,1
850_2,2661,850,2
850_3,2662,850,3
850_4,2663,850,4
850_5,2664,850,5
851_2,2665,851,2
851_4,2666,851,4
851_5,2667,851,5
852_1,2668,852,1
852_2,2669,852,2
852_4,2670,852,4
852_5,2671,852,5
854_2,2672,854,2
854_3,2673,854,3
854_4,2674,854,4
856_1,2675,856,1
856_2,2676,856,2
856_4,2677,856,4
856_5,2678,856,5
857_1,2679,857,1
857_2,2680,857,2
857_3,2681,857,3
857_4,2682,857,4
857_5,2683,857,5
858_1,2684,858,1
858_2,2685,858,2
858_3,2686,858,3
858_4,2687,858,4
858_5,2688,858,5
859_1,2689,859,1
859_2,2690,859,2
859_3,2691,859,3
859_4,2692,859,4
859_5,2693,859,5
860_1,2694,860,1
860_2,2695,860,2
860_3,2696,860,3
860_4,2697,860,4
860_5,2698,860,5
861_1,2699,861,1
861_2,2700,861,2
861_3,2701,861,3
861_4,2702,861,4
861_5,2703,861,5
862_1,2704,862,1
862_2,2705,862,2
862_3,2706,862,3
862_4,2707,862,4
862_5,2708,862,5
863_1,2709,863,1
863_2,2710,863,2
863_3,2711,863,3
863_4,2712,863,4
863_5,2713,863,5
864_1,2714,864,1
864_2,2715,864,2
864_3,2716,864,3
864_4,2717,864,4
865_1,2718,865,1
865_2,2719,865,2
865_3,2720,865,3
865_4,2721,865,4
865_5,2722,865,5
866_1,2723,866,1
866_2,2724,866,2
866_3,2725,866,3
866_4,2726,866,4
866_5,2727,866,5
867_1,2728,867,1
867_2,2729,867,2
867_3,2730,867,3
867_4,2731,867,4
867_5,2732,867,5
868_1,2733,868,1
868_2,2734,868,2
868_3,2735,868,3
868_4,2736,868,4
868_5,2737,868,5
869_1,2738,869,1
869_2,2739,869,2
869_3,2740,869,3
869_4,2741,869,4
869_5,2742,869,5
871_1,2743,871,1
871_2,2744,871,2
871_3,2745,871,3
871_4,2746,871,4
871_5,2747,871,5
874_1,2748,874,1
874_2,2749,874,2
874_3,2750,874,3
874_4,2751,874,4
874_5,2752,874,5
875_1,2753,875,1
875_2,2754,875,2
875_3,2755,875,3
875_4,2756,875,4
875_5,2757,875,5
877_1,2758,877,1
877_2,2759,877,2
877_3,2760,877,3
877_4,2761,877,4
877_5,2762,877,5
878_1,2763,878,1
878_2,2764,878,2
878_3,2765,878,3
878_4,2766,878,4
880_1,2767,880,1
880_2,2768,880,2
880_3,2769,880,3
880_4,2770,880,4
880_5,2771,880,5
881_1,2772,881,1
881_2,2773,881,2
881_3,2774,881,3
881_4,2775,881,4
881_5,2776,881,5
882_1,2777,882,1
882_2,2778,882,2
882_3,2779,882,3
882_4,2780,882,4
882_5,2781,882,5
883_1,2782,883,1
883_2,2783,883,2
883_3,2784,883,3
883_4,2785,883,4
883_5,2786,883,5
885_1,2787,885,1
885_2,2788,885,2
885_3,2789,885,3
885_4,2790,885,4
885_5,2791,885,5
886_1,2792,886,1
886_2,2793,886,2
886_3,2794,886,3
886_4,2795,886,4
886_5,2796,886,5
887_1,2797,887,1
887_2,2798,887,2
887_3,2799,887,3
887_4,2800,887,4
887_5,2801,887,5
889_1,2802,889,1
889_2,2803,889,2
889_3,2804,889,3
889_4,2805,889,4
889_5,2806,889,5
891_1,2807,891,1
891_2,2808,891,2
891_3,2809,891,3
891_4,2810,891,4
891_5,2811,891,5
895_1,2812,895,1
895_2,2813,895,2
895_3,2814,895,3
896_1,2815,896,1
896_2,2816,896,2
896_3,2817,896,3
896_4,2818,896,4
896_5,2819,896,5
898_1,2820,898,1
898_2,2821,898,2
898_3,2822,898,3
898_4,2823,898,4
898_5,2824,898,5
899_1,2825,899,1
899_2,2826,899,2
899_3,2827,899,3
899_4,2828,899,4
899_5,2829,899,5
900_1,2830,900,1
900_2,2831,900,2
900_3,2832,900,3
900_4,2833,900,4
900_5,2834,900,5
901_1,2835,901,1
901_2,2836,901,2
901_3,2837,901,3
901_4,2838,901,4
903_1,2839,903,1
903_2,2840,903,2
903_3,2841,903,3
903_4,2842,903,4
903_5,2843,903,5
905_1,2844,905,1
905_2,2845,905,2
905_3,2846,905,3
905_4,2847,905,4
905_5,2848,905,5
906_1,2849,906,1
906_2,2850,906,2
906_3,2851,906,3
906_4,2852,906,4
906_5,2853,906,5
907_1,2854,907,1
907_2,2855,907,2
907_3,2856,907,3
907_4,2857,907,4
907_5,2858,907,5
908_1,2859,908,1
908_2,2860,908,2
908_3,2861,908,3
908_4,2862,908,4
908_5,2863,908,5
909_1,2864,909,1
909_2,2865,909,2
909_3,2866,909,3
909_4,2867,909,4
909_5,2868,909,5
910_1,2869,910,1
910_2,2870,910,2
910_3,2871,910,3
910_4,2872,910,4
910_5,2873,910,5
911_1,2874,911,1
911_2,2875,911,2
911_3,2876,911,3
911_4,2877,911,4
911_5,2878,911,5
912_1,2879,912,1
912_2,2880,912,2
912_3,2881,912,3
912_4,2882,912,4
912_5,2883,912,5
913_3,2884,913,3
914_1,2885,914,1
914_2,2886,914,2
914_3,2887,914,3
914_4,2888,914,4
914_5,2889,914,5
915_1,2890,915,1
915_2,2891,915,2
915_3,2892,915,3
915_4,2893,915,4
915_5,2894,915,5
917_1,2895,917,1
917_2,2896,917,2
917_3,2897,917,3
917_4,2898,917,4
917_5,2899,917,5
918_1,2900,918,1
918_2,2901,918,2
918_3,2902,918,3
918_4,2903,918,4
918_5,2904,918,5
919_1,2905,919,1
919_2,2906,919,2
919_3,2907,919,3
919_4,2908,919,4
919_5,2909,919,5
920_1,2910,920,1
920_2,2911,920,2
920_3,2912,920,3
920_4,2913,920,4
920_5,2914,920,5
922_1,2915,922,1
922_2,2916,922,2
922_3,2917,922,3
922_4,2918,922,4
922_5,2919,922,5
923_1,2920,923,1
923_2,2921,923,2
923_3,2922,923,3
923_4,2923,923,4
923_5,2924,923,5
924_1,2925,924,1
924_2,2926,924,2
924_3,2927,924,3
924_4,2928,924,4
924_5,2929,924,5
928_1,2930,928,1
928_2,2931,928,2
928_3,2932,928,3
928_4,2933,928,4
928_5,2934,928,5
930_1,2935,930,1
930_2,2936,930,2
930_3,2937,930,3
930_4,2938,930,4
930_5,2939,930,5
931_1,2940,931,1
931_2,2941,931,2
931_3,2942,931,3
931_4,2943,931,4
931_5,2944,931,5
932_1,2945,932,1
932_2,2946,932,2
932_3,2947,932,3
932_4,2948,932,4
932_5,2949,932,5
936_1,2950,936,1
936_2,2951,936,2
936_3,2952,936,3
936_4,2953,936,4
936_5,2954,936,5
937_1,2955,937,1
937_2,2956,937,2
937_3,2957,937,3
937_4,2958,937,4
937_5,2959,937,5
942_1,2960,942,1
942_2,2961,942,2
942_3,2962,942,3
942_4,2963,942,4
942_5,2964,942,5
943_1,2965,943,1
943_2,2966,943,2
943_3,2967,943,3
943_4,2968,943,4
943_5,2969,943,5
944_1,2970,944,1
944_2,2971,944,2
944_3,2972,944,3
944_4,2973,944,4
944_5,2974,944,5
945_1,2975,945,1
945_2,2976,945,2
945_3,2977,945,3
945_4,2978,945,4
945_5,2979,945,5
946_1,2980,946,1
946_3,2981,946,3
946_4,2982,946,4
946_5,2983,946,5
947_1,2984,947,1
947_2,2985,947,2
947_3,2986,947,3
947_4,2987,947,4
947_5,2988,947,5
951_1,2989,951,1
951_2,2990,951,2
951_3,2991,951,3
951_4,2992,951,4
951_5,2993,951,5
952_1,2994,952,1
952_2,2995,952,2
952_3,2996,952,3
952_4,2997,952,4
952_5,2998,952,5
953_1,2999,953,1
953_2,3000,953,2
955_3,3001,955,3
1000_1,3002,1000,1
1000_2,3003,1000,2
1000_3,3004,1000,3
1000_4,3005,1000,4
1000_5,3006,1000,5
1001_1,3007,1001,1
1001_2,3008,1001,2
1001_3,3009,1001,3
1001_4,3010,1001,4
1001_5,3011,1001,5
1004_1,3012,1004,1
1004_2,3013,1004,2
1004_3,3014,1004,3
1004_4,3015,1004,4
1004_5,3016,1004,5
1005_1,3017,1005,1
1005_2,3018,1005,2
1005_3,3019,1005,3
1005_4,3020,1005,4
1005_5,3021,1005,5
1006_1,3022,1006,1
1006_2,3023,1006,2
1006_3,3024,1006,3
1006_4,3025,1006,4
1006_5,3026,1006,5
1008_1,3027,1008,1
1008_2,3028,1008,2
1008_4,3029,1008,4
1008_5,3030,1008,5
1009_1,3031,1009,1
1009_2,3032,1009,2
1009_3,3033,1009,3
1009_4,3034,1009,4
1009_5,3035,1009,5
1011_2,3036,1011,2
1011_3,3037,1011,3
1013_1,3038,1013,1
1013_2,3039,1013,2
1013_3,3040,1013,3
1013_4,3041,1013,4
1013_5,3042,1013,5
1014_1,3043,1014,1
1014_2,3044,1014,2
1014_3,3045,1014,3
1014_4,3046,1014,4
1014_5,3047,1014,5
1015_1,3048,1015,1
1015_2,3049,1015,2
1015_3,3050,1015,3
1015_4,3051,1015,4
1015_5,3052,1015,5
1017_1,3053,1017,1
1017_2,3054,1017,2
1017_3,3055,1017,3
1017_4,3056,1017,4
1017_5,3057,1017,5
1019_1,3058,1019,1
1019_2,3059,1019,2
1019_4,3060,1019,4
1019_5,3061,1019,5
1020_1,3062,1020,1
1020_2,3063,1020,2
1020_3,3064,1020,3
1020_4,3065,1020,4
1021_1,3066,1021,1
1021_2,3067,1021,2
1021_3,3068,1021,3
1021_4,3069,1021,4
1021_5,3070,1021,5
1027_1,3071,1027,1
1027_2,3072,1027,2
1027_3,3073,1027,3
1027_4,3074,1027,4
1027_5,3075,1027,5
1028_1,3076,1028,1
1028_2,3077,1028,2
1028_3,3078,1028,3
1028_4,3079,1028,4
1028_5,3080,1028,5
1029_1,3081,1029,1
1029_2,3082,1029,2
1029_3,3083,1029,3
1029_4,3084,1029,4
1029_5,3085,1029,5
1032_1,3086,1032,1
1032_2,3087,1032,2
1032_3,3088,1032,3
1032_4,3089,1032,4
1032_5,3090,1032,5
1034_1,3091,1034,1
1034_2,3092,1034,2
1034_3,3093,1034,3
1034_4,3094,1034,4
1034_5,3095,1034,5
1035_1,3096,1035,1
1035_3,3097,1035,3
1035_4,3098,1035,4
1035_5,3099,1035,5
1036_1,3100,1036,1
1036_2,3101,1036,2
1036_3,3102,1036,3
1036_4,3103,1036,4
1036_5,3104,1036,5
1037_1,3105,1037,1
1037_2,3106,1037,2
1037_3,3107,1037,3
1037_4,3108,1037,4
1037_5,3109,1037,5
1038_1,3110,1038,1
1038_2,3111,1038,2
1038_3,3112,1038,3
1038_4,3113,1038,4
1038_5,3114,1038,5
1040_1,3115,1040,1
1040_2,3116,1040,2
1040_3,3117,1040,3
1040_4,3118,1040,4
1040_5,3119,1040,5
1041_1,3120,1041,1
1041_2,3121,1041,2
1041_3,3122,1041,3
1041_4,3123,1041,4
1041_5,3124,1041,5
1042_1,3125,1042,1
1042_2,3126,1042,2
1042_3,3127,1042,3
1042_4,3128,1042,4
1042_5,3129,1042,5
1043_1,3130,1043,1
1043_2,3131,1043,2
1043_3,3132,1043,3
1043_4,3133,1043,4
1043_5,3134,1043,5
1044_1,3135,1044,1
1044_2,3136,1044,2
1044_3,3137,1044,3
1044_4,3138,1044,4
1044_5,3139,1044,5
1045_1,3140,1045,1
1045_2,3141,1045,2
1045_3,3142,1045,3
1045_4,3143,1045,4
1045_5,3144,1045,5
1046_1,3145,1046,1
1046_2,3146,1046,2
1046_3,3147,1046,3
1046_4,3148,1046,4
1046_5,3149,1046,5
1047_1,3150,1047,1
1047_2,3151,1047,2
1047_3,3152,1047,3
1047_4,3153,1047,4
1047_5,3154,1047,5
1048_1,3155,1048,1
1048_2,3156,1048,2
1048_3,3157,1048,3
1048_4,3158,1048,4
1048_5,3159,1048,5
1051_1,3160,1051,1
1051_2,3161,1051,2
1051_3,3162,1051,3
1051_4,3163,1051,4
1051_5,3164,1051,5
1053_1,3165,1053,1
1053_2,3166,1053,2
1053_3,3167,1053,3
1053_4,3168,1053,4
1053_5,3169,1053,5
1054_1,3170,1054,1
1054_2,3171,1054,2
1054_3,3172,1054,3
1054_4,3173,1054,4
1054_5,3174,1054,5
1055_1,3175,1055,1
1055_2,3176,1055,2
1055_3,3177,1055,3
1055_4,3178,1055,4
1055_5,3179,1055,5
1057_1,3180,1057,1
1057_2,3181,1057,2
1057_3,3182,1057,3
1057_4,3183,1057,4
1057_5,3184,1057,5
1059_1,3185,1059,1
1059_2,3186,1059,2
1059_3,3187,1059,3
1059_4,3188,1059,4
1059_5,3189,1059,5
1061_1,3190,1061,1
1061_2,3191,1061,2
1061_3,3192,1061,3
1061_4,3193,1061,4
1061_5,3194,1061,5
1062_1,3195,1062,1
1062_2,3196,1062,2
1062_3,3197,1062,3
1062_4,3198,1062,4
1062_5,3199,1062,5
1064_1,3200,1064,1
1064_2,3201,1064,2
1064_3,3202,1064,3
1064_4,3203,1064,4
1064_5,3204,1064,5
1066_1,3205,1066,1
1066_2,3206,1066,2
1066_3,3207,1066,3
1066_4,3208,1066,4
1066_5,3209,1066,5
1067_1,3210,1067,1
1067_2,3211,1067,2
1067_3,3212,1067,3
1067_4,3213,1067,4
1067_5,3214,1067,5
1069_1,3215,1069,1
1069_2,3216,1069,2
1069_3,3217,1069,3
1069_4,3218,1069,4
1069_5,3219,1069,5
1072_1,3220,1072,1
1072_2,3221,1072,2
1072_3,3222,1072,3
1072_4,3223,1072,4
1072_5,3224,1072,5
1073_1,3225,1073,1
1073_2,3226,1073,2
1073_3,3227,1073,3
1073_4,3228,1073,4
1073_5,3229,1073,5
1075_1,3230,1075,1
1075_2,3231,1075,2
1075_3,3232,1075,3
1075_4,3233,1075,4
1075_5,3234,1075,5
1076_1,3235,1076,1
1076_2,3236,1076,2
1076_3,3237,1076,3
1076_4,3238,1076,4
1076_5,3239,1076,5
1079_1,3240,1079,1
1079_2,3241,1079,2
1079_3,3242,1079,3
1079_4,3243,1079,4
1079_5,3244,1079,5
1081_1,3245,1081,1
1081_2,3246,1081,2
1081_3,3247,1081,3
1081_4,3248,1081,4
1081_5,3249,1081,5
1083_1,3250,1083,1
1083_2,3251,1083,2
1083_3,3252,1083,3
1083_4,3253,1083,4
1083_5,3254,1083,5
1085_1,3255,1085,1
1085_2,3256,1085,2
1085_3,3257,1085,3
1085_4,3258,1085,4
1085_5,3259,1085,5
1089_1,3260,1089,1
1089_2,3261,1089,2
1089_3,3262,1089,3
1089_4,3263,1089,4
1089_5,3264,1089,5
1090_1,3265,1090,1
1090_2,3266,1090,2
1090_3,3267,1090,3
1090_4,3268,1090,4
1090_5,3269,1090,5
1091_1,3270,1091,1
1091_2,3271,1091,2
1091_3,3272,1091,3
1091_4,3273,1091,4
1091_5,3274,1091,5
1092_1,3275,1092,1
1092_2,3276,1092,2
1092_3,3277,1092,3
1092_4,3278,1092,4
1092_5,3279,1092,5
1093_2,3280,1093,2
1093_3,3281,1093,3
1093_5,3282,1093,5
1094_1,3283,1094,1
1094_3,3284,1094,3
1094_4,3285,1094,4
1094_5,3286,1094,5
1095_1,3287,1095,1
1095_2,3288,1095,2
1095_3,3289,1095,3
1095_4,3290,1095,4
1095_5,3291,1095,5
1097_1,3292,1097,1
1097_2,3293,1097,2
1097_3,3294,1097,3
1097_4,3295,1097,4
1097_5,3296,1097,5
1098_1,3297,1098,1
1098_2,3298,1098,2
1098_3,3299,1098,3
1098_4,3300,1098,4
1099_1,3301,1099,1
1099_2,3302,1099,2
1099_3,3303,1099,3
1099_4,3304,1099,4
1099_5,3305,1099,5
1100_1,3306,1100,1
1100_2,3307,1100,2
1100_3,3308,1100,3
1100_4,3309,1100,4
1100_5,3310,1100,5
1101_1,3311,1101,1
1101_2,3312,1101,2
1101_3,3313,1101,3
1101_4,3314,1101,4
1101_5,3315,1101,5
1103_1,3316,1103,1
1103_2,3317,1103,2
1103_3,3318,1103,3
1103_4,3319,1103,4
1103_5,3320,1103,5
1104_1,3321,1104,1
1104_2,3322,1104,2
1104_3,3323,1104,3
1104_4,3324,1104,4
1104_5,3325,1104,5
1105_1,3326,1105,1
1105_3,3327,1105,3
1106_1,3328,1106,1
1106_2,3329,1106,2
1106_4,3330,1106,4
1106_5,3331,1106,5
1107_1,3332,1107,1
1107_2,3333,1107,2
1107_3,3334,1107,3
1107_4,3335,1107,4
1107_5,3336,1107,5
1109_1,3337,1109,1
1109_2,3338,1109,2
1109_3,3339,1109,3
1109_4,3340,1109,4
1109_5,3341,1109,5
1110_1,3342,1110,1
1110_2,3343,1110,2
1110_3,3344,1110,3
1110_4,3345,1110,4
1110_5,3346,1110,5
1112_1,3347,1112,1
1112_2,3348,1112,2
1112_3,3349,1112,3
1112_4,3350,1112,4
1112_5,3351,1112,5
1113_1,3352,1113,1
1113_2,3353,1113,2
1113_3,3354,1113,3
1113_4,3355,1113,4
1113_5,3356,1113,5
1114_1,3357,1114,1
1114_2,3358,1114,2
1114_3,3359,1114,3
1114_4,3360,1114,4
1114_5,3361,1114,5
1116_1,3362,1116,1
1116_2,3363,1116,2
1116_3,3364,1116,3
1116_4,3365,1116,4
1116_5,3366,1116,5
1117_1,3367,1117,1
1117_2,3368,1117,2
1117_3,3369,1117,3
1117_4,3370,1117,4
1117_5,3371,1117,5
1118_1,3372,1118,1
1118_2,3373,1118,2
1118_3,3374,1118,3
1118_4,3375,1118,4
1118_5,3376,1118,5
1119_1,3377,1119,1
1119_2,3378,1119,2
1119_3,3379,1119,3
1119_4,3380,1119,4
1119_5,3381,1119,5
1121_1,3382,1121,1
1121_2,3383,1121,2
1121_3,3384,1121,3
1121_4,3385,1121,4
1121_5,3386,1121,5
1122_1,3387,1122,1
1122_2,3388,1122,2
1122_3,3389,1122,3
1122_4,3390,1122,4
1122_5,3391,1122,5
1123_1,3392,1123,1
1123_2,3393,1123,2
1123_3,3394,1123,3
1123_4,3395,1123,4
1123_5,3396,1123,5
1124_1,3397,1124,1
1124_2,3398,1124,2
1124_3,3399,1124,3
1124_4,3400,1124,4
1124_5,3401,1124,5
1126_1,3402,1126,1
1126_2,3403,1126,2
1126_3,3404,1126,3
1126_4,3405,1126,4
1126_5,3406,1126,5
1127_2,3407,1127,2
1127_3,3408,1127,3
1127_4,3409,1127,4
1127_5,3410,1127,5
1130_1,3411,1130,1
1130_2,3412,1130,2
1130_3,3413,1130,3
1130_4,3414,1130,4
1130_5,3415,1130,5
1131_1,3416,1131,1
1131_2,3417,1131,2
1131_3,3418,1131,3
1131_4,3419,1131,4
1131_5,3420,1131,5
1132_1,3421,1132,1
1132_2,3422,1132,2
1132_3,3423,1132,3
1132_4,3424,1132,4
1132_5,3425,1132,5
1133_1,3426,1133,1
1133_2,3427,1133,2
1133_3,3428,1133,3
1133_4,3429,1133,4
1133_5,3430,1133,5
1134_1,3431,1134,1
1134_2,3432,1134,2
1134_3,3433,1134,3
1134_4,3434,1134,4
1134_5,3435,1134,5
1135_1,3436,1135,1
1135_2,3437,1135,2
1135_3,3438,1135,3
1135_4,3439,1135,4
1135_5,3440,1135,5
1142_1,3441,1142,1
1142_2,3442,1142,2
1142_3,3443,1142,3
1142_4,3444,1142,4
1142_5,3445,1142,5
1143_1,3446,1143,1
1143_2,3447,1143,2
1143_3,3448,1143,3
1143_4,3449,1143,4
1143_5,3450,1143,5
1145_1,3451,1145,1
1145_2,3452,1145,2
1145_3,3453,1145,3
1145_4,3454,1145,4
1145_5,3455,1145,5
1146_1,3456,1146,1
1146_2,3457,1146,2
1146_3,3458,1146,3
1146_4,3459,1146,4
1146_5,3460,1146,5
1148_1,3461,1148,1
1148_2,3462,1148,2
1148_3,3463,1148,3
1148_4,3464,1148,4
1148_5,3465,1148,5
1150_1,3466,1150,1
1150_2,3467,1150,2
1150_3,3468,1150,3
1150_4,3469,1150,4
1150_5,3470,1150,5
1151_1,3471,1151,1
1151_2,3472,1151,2
1151_3,3473,1151,3
1151_4,3474,1151,4
1151_5,3475,1151,5
1154_1,3476,1154,1
1154_2,3477,1154,2
1154_3,3478,1154,3
1154_4,3479,1154,4
1154_5,3480,1154,5
1155_1,3481,1155,1
1155_2,3482,1155,2
1155_3,3483,1155,3
1155_4,3484,1155,4
1155_5,3485,1155,5
1156_1,3486,1156,1
1156_2,3487,1156,2
1156_3,3488,1156,3
1156_5,3489,1156,5
1159_1,3490,1159,1
1159_2,3491,1159,2
1159_3,3492,1159,3
1159_4,3493,1159,4
1159_5,3494,1159,5
1160_2,3495,1160,2
1160_3,3496,1160,3
1160_4,3497,1160,4
1160_5,3498,1160,5
1162_1,3499,1162,1
1162_2,3500,1162,2
1162_3,3501,1162,3
1162_4,3502,1162,4
1162_5,3503,1162,5
1163_1,3504,1163,1
1163_2,3505,1163,2
1163_3,3506,1163,3
1163_5,3507,1163,5
1164_2,3508,1164,2
1164_3,3509,1164,3
1164_4,3510,1164,4
1164_5,3511,1164,5
1167_1,3512,1167,1
1167_2,3513,1167,2
1167_3,3514,1167,3
1167_4,3515,1167,4
1167_5,3516,1167,5
1171_1,3517,1171,1
1171_2,3518,1171,2
1171_3,3519,1171,3
1171_4,3520,1171,4
1171_5,3521,1171,5
1177_1,3522,1177,1
1177_2,3523,1177,2
1177_3,3524,1177,3
1177_4,3525,1177,4
1177_5,3526,1177,5
1179_1,3527,1179,1
1179_2,3528,1179,2
1179_3,3529,1179,3
1179_4,3530,1179,4
1179_5,3531,1179,5
1180_1,3532,1180,1
1180_2,3533,1180,2
1180_3,3534,1180,3
1180_4,3535,1180,4
1180_5,3536,1180,5
1181_1,3537,1181,1
1181_2,3538,1181,2
1181_3,3539,1181,3
1181_4,3540,1181,4
1181_5,3541,1181,5
1182_1,3542,1182,1
1182_2,3543,1182,2
1182_3,3544,1182,3
1182_4,3545,1182,4
1182_5,3546,1182,5
1183_1,3547,1183,1
1183_2,3548,1183,2
1183_3,3549,1183,3
1183_4,3550,1183,4
1183_5,3551,1183,5
1184_1,3552,1184,1
1184_2,3553,1184,2
1184_3,3554,1184,3
1184_4,3555,1184,4
1184_5,3556,1184,5
1185_1,3557,1185,1
1185_2,3558,1185,2
1185_3,3559,1185,3
1185_4,3560,1185,4
1185_5,3561,1185,5
1186_1,3562,1186,1
1186_2,3563,1186,2
1186_3,3564,1186,3
1186_4,3565,1186,4
1186_5,3566,1186,5
1187_1,3567,1187,1
1187_2,3568,1187,2
1187_3,3569,1187,3
1187_4,3570,1187,4
1187_5,3571,1187,5
1188_1,3572,1188,1
1188_3,3573,1188,3
1188_4,3574,1188,4
1188_5,3575,1188,5
1189_1,3576,1189,1
1189_2,3577,1189,2
1189_3,3578,1189,3
1189_4,3579,1189,4
1189_5,3580,1189,5
1190_1,3581,1190,1
1190_2,3582,1190,2
1190_3,3583,1190,3
1190_4,3584,1190,4
1190_5,3585,1190,5
1191_1,3586,1191,1
1191_2,3587,1191,2
1191_3,3588,1191,3
1191_4,3589,1191,4
1191_5,3590,1191,5
1192_1,3591,1192,1
1192_2,3592,1192,2
1192_3,3593,1192,3
1192_4,3594,1192,4
1192_5,3595,1192,5
1193_1,3596,1193,1
1193_2,3597,1193,2
1193_3,3598,1193,3
1193_4,3599,1193,4
1193_5,3600,1193,5
1194_1,3601,1194,1
1194_2,3602,1194,2
1194_3,3603,1194,3
1194_5,3604,1194,5
1195_1,3605,1195,1
1195_2,3606,1195,2
1195_3,3607,1195,3
1195_4,3608,1195,4
1195_5,3609,1195,5
1196_1,3610,1196,1
1196_2,3611,1196,2
1196_3,3612,1196,3
1196_5,3613,1196,5
1197_1,3614,1197,1
1197_2,3615,1197,2
1197_3,3616,1197,3
1197_4,3617,1197,4
1197_5,3618,1197,5
1198_1,3619,1198,1
1198_2,3620,1198,2
1198_3,3621,1198,3
1198_4,3622,1198,4
1198_5,3623,1198,5
1200_1,3624,1200,1
1200_2,3625,1200,2
1200_3,3626,1200,3
1200_4,3627,1200,4
1200_5,3628,1200,5
1201_1,3629,1201,1
1201_2,3630,1201,2
1201_3,3631,1201,3
1201_4,3632,1201,4
1201_5,3633,1201,5
1202_1,3634,1202,1
1202_2,3635,1202,2
1202_3,3636,1202,3
1202_4,3637,1202,4
1202_5,3638,1202,5
1203_1,3639,1203,1
1203_2,3640,1203,2
1203_3,3641,1203,3
1203_4,3642,1203,4
1203_5,3643,1203,5
1205_1,3644,1205,1
1205_2,3645,1205,2
1205_4,3646,1205,4
1205_5,3647,1205,5
1206_1,3648,1206,1
1206_2,3649,1206,2
1206_3,3650,1206,3
1206_4,3651,1206,4
1206_5,3652,1206,5
1207_1,3653,1207,1
1207_2,3654,1207,2
1207_3,3655,1207,3
1207_4,3656,1207,4
1207_5,3657,1207,5
1210_2,3658,1210,2
1210_4,3659,1210,4
1210_5,3660,1210,5
1213_1,3661,1213,1
1213_2,3662,1213,2
1213_3,3663,1213,3
1213_4,3664,1213,4
1213_5,3665,1213,5
1214_1,3666,1214,1
1214_2,3667,1214,2
1214_3,3668,1214,3
1214_4,3669,1214,4
1214_5,3670,1214,5
1216_1,3671,1216,1
1216_2,3672,1216,2
1216_3,3673,1216,3
1216_4,3674,1216,4
1216_5,3675,1216,5
1220_1,3676,1220,1
1220_2,3677,1220,2
1220_4,3678,1220,4
1221_1,3679,1221,1
1221_3,3680,1221,3
1221_4,3681,1221,4
1222_1,3682,1222,1
1222_2,3683,1222,2
1222_3,3684,1222,3
1222_4,3685,1222,4
1222_5,3686,1222,5
1225_1,3687,1225,1
1225_2,3688,1225,2
1225_3,3689,1225,3
1225_4,3690,1225,4
1225_5,3691,1225,5
1226_1,3692,1226,1
1226_2,3693,1226,2
1226_3,3694,1226,3
1226_4,3695,1226,4
1226_5,3696,1226,5
1227_1,3697,1227,1
1227_2,3698,1227,2
1227_3,3699,1227,3
1227_4,3700,1227,4
1227_5,3701,1227,5
1229_1,3702,1229,1
1229_2,3703,1229,2
1229_3,3704,1229,3
1229_4,3705,1229,4
1229_5,3706,1229,5
1231_1,3707,1231,1
1231_2,3708,1231,2
1231_3,3709,1231,3
1231_4,3710,1231,4
1231_5,3711,1231,5
1237_1,3712,1237,1
1237_2,3713,1237,2
1237_3,3714,1237,3
1237_4,3715,1237,4
1237_5,3716,1237,5
1239_1,3717,1239,1
1239_2,3718,1239,2
1239_3,3719,1239,3
1239_4,3720,1239,4
1239_5,3721,1239,5
1240_1,3722,1240,1
1241_1,3723,1241,1
1241_2,3724,1241,2
1241_3,3725,1241,3
1241_4,3726,1241,4
1241_5,3727,1241,5
1242_1,3728,1242,1
1242_2,3729,1242,2
1242_3,3730,1242,3
1242_5,3731,1242,5
1243_1,3732,1243,1
1243_2,3733,1243,2
1243_3,3734,1243,3
1243_4,3735,1243,4
1243_5,3736,1243,5
1244_1,3737,1244,1
1244_2,3738,1244,2
1244_3,3739,1244,3
1244_4,3740,1244,4
1244_5,3741,1244,5
1246_1,3742,1246,1
1246_2,3743,1246,2
1246_3,3744,1246,3
1246_4,3745,1246,4
1246_5,3746,1246,5
1247_1,3747,1247,1
1247_2,3748,1247,2
1247_3,3749,1247,3
1247_4,3750,1247,4
1247_5,3751,1247,5
1248_1,3752,1248,1
1248_2,3753,1248,2
1248_3,3754,1248,3
1248_4,3755,1248,4
1248_5,3756,1248,5
1249_1,3757,1249,1
1249_2,3758,1249,2
1249_3,3759,1249,3
1249_4,3760,1249,4
1249_5,3761,1249,5
1253_1,3762,1253,1
1253_2,3763,1253,2
1253_3,3764,1253,3
1253_4,3765,1253,4
1253_5,3766,1253,5
1254_2,3767,1254,2
1254_4,3768,1254,4
1254_5,3769,1254,5
1257_1,3770,1257,1
1257_2,3771,1257,2
1257_3,3772,1257,3
1257_4,3773,1257,4
1257_5,3774,1257,5
1259_1,3775,1259,1
1259_2,3776,1259,2
1259_3,3777,1259,3
1259_4,3778,1259,4
1259_5,3779,1259,5
1260_2,3780,1260,2
1260_3,3781,1260,3
1260_4,3782,1260,4
1260_5,3783,1260,5
1261_1,3784,1261,1
1261_2,3785,1261,2
1261_3,3786,1261,3
1261_4,3787,1261,4
1261_5,3788,1261,5
1263_1,3789,1263,1
1263_2,3790,1263,2
1263_3,3791,1263,3
1264_1,3792,1264,1
1264_2,3793,1264,2
1264_3,3794,1264,3
1264_4,3795,1264,4
1264_5,3796,1264,5
1270_1,3797,1270,1
1270_2,3798,1270,2
1270_3,3799,1270,3
1270_4,3800,1270,4
1274_1,3801,1274,1
1274_2,3802,1274,2
1274_3,3803,1274,3
1274_4,3804,1274,4
1274_5,3805,1274,5
1276_1,3806,1276,1
1276_2,3807,1276,2
1276_3,3808,1276,3
1276_4,3809,1276,4
1276_5,3810,1276,5
1277_1,3811,1277,1
1277_2,3812,1277,2
1277_3,3813,1277,3
1277_4,3814,1277,4
1277_5,3815,1277,5
1281_1,3816,1281,1
1281_2,3817,1281,2
1281_4,3818,1281,4
1281_5,3819,1281,5
1285_1,3820,1285,1
1285_2,3821,1285,2
1285_3,3822,1285,3
1285_4,3823,1285,4
1285_5,3824,1285,5
1292_1,3825,1292,1
1292_2,3826,1292,2
1292_3,3827,1292,3
1292_4,3828,1292,4
1292_5,3829,1292,5
1293_1,3830,1293,1
1293_2,3831,1293,2
1293_3,3832,1293,3
1293_4,3833,1293,4
1293_5,3834,1293,5
1294_1,3835,1294,1
1294_2,3836,1294,2
1294_3,3837,1294,3
1294_4,3838,1294,4
1294_5,3839,1294,5
1295_1,3840,1295,1
1295_2,3841,1295,2
1295_3,3842,1295,3
1295_4,3843,1295,4
1295_5,3844,1295,5
1296_1,3845,1296,1
1296_2,3846,1296,2
1296_3,3847,1296,3
1296_4,3848,1296,4
1296_5,3849,1296,5
1297_1,3850,1297,1
1297_2,3851,1297,2
1297_3,3852,1297,3
1297_4,3853,1297,4
1297_5,3854,1297,5
1298_1,3855,1298,1
1298_2,3856,1298,2
1298_3,3857,1298,3
1298_4,3858,1298,4
1298_5,3859,1298,5
1299_1,3860,1299,1
1299_2,3861,1299,2
1299_5,3862,1299,5
1300_1,3863,1300,1
1300_3,3864,1300,3
1300_4,3865,1300,4
1300_5,3866,1300,5
1303_1,3867,1303,1
1303_2,3868,1303,2
1303_3,3869,1303,3
1303_4,3870,1303,4
1303_5,3871,1303,5
1306_1,3872,1306,1
1306_2,3873,1306,2
1306_3,3874,1306,3
1306_4,3875,1306,4
1306_5,3876,1306,5
1312_1,3877,1312,1
1312_2,3878,1312,2
1312_3,3879,1312,3
1312_4,3880,1312,4
1312_5,3881,1312,5
1315_1,3882,1315,1
1315_2,3883,1315,2
1315_3,3884,1315,3
1315_4,3885,1315,4
1315_5,3886,1315,5
1332_1,3887,1332,1
1332_2,3888,1332,2
1332_3,3889,1332,3
1332_4,3890,1332,4
1332_5,3891,1332,5
1337_1,3892,1337,1
1337_2,3893,1337,2
1337_3,3894,1337,3
1337_4,3895,1337,4
1337_5,3896,1337,5
1338_1,3897,1338,1
1338_2,3898,1338,2
1338_3,3899,1338,3
1338_4,3900,1338,4
1338_5,3901,1338,5
1339_1,3902,1339,1
1339_2,3903,1339,2
1339_3,3904,1339,3
1339_4,3905,1339,4
1339_5,3906,1339,5
1342_1,3907,1342,1
1342_2,3908,1342,2
1342_3,3909,1342,3
1342_4,3910,1342,4
1342_5,3911,1342,5
1343_1,3912,1343,1
1343_2,3913,1343,2
1343_3,3914,1343,3
1343_4,3915,1343,4
1343_5,3916,1343,5
1344_1,3917,1344,1
1344_2,3918,1344,2
1344_3,3919,1344,3
1344_4,3920,1344,4
1344_5,3921,1344,5
1347_1,3922,1347,1
1347_2,3923,1347,2
1347_3,3924,1347,3
1347_4,3925,1347,4
1347_5,3926,1347,5
1348_1,3927,1348,1
1348_2,3928,1348,2
1348_3,3929,1348,3
1348_4,3930,1348,4
1348_5,3931,1348,5
1349_1,3932,1349,1
1349_2,3933,1349,2
1349_3,3934,1349,3
1349_4,3935,1349,4
1349_5,3936,1349,5
1350_1,3937,1350,1
1350_2,3938,1350,2
1350_3,3939,1350,3
1350_4,3940,1350,4
1350_5,3941,1350,5
1351_1,3942,1351,1
1351_2,3943,1351,2
1351_3,3944,1351,3
1351_4,3945,1351,4
1351_5,3946,1351,5
1352_1,3947,1352,1
1352_2,3948,1352,2
1352_3,3949,1352,3
1352_4,3950,1352,4
1352_5,3951,1352,5
1353_1,3952,1353,1
1353_2,3953,1353,2
1353_3,3954,1353,3
1353_4,3955,1353,4
1353_5,3956,1353,5
1358_1,3957,1358,1
1358_2,3958,1358,2
1358_3,3959,1358,3
1358_4,3960,1358,4
1358_5,3961,1358,5
1360_1,3962,1360,1
1360_2,3963,1360,2
1360_3,3964,1360,3
1360_4,3965,1360,4
1360_5,3966,1360,5
1364_1,3967,1364,1
1364_2,3968,1364,2
1364_3,3969,1364,3
1364_4,3970,1364,4
1366_1,3971,1366,1
1366_2,3972,1366,2
1366_3,3973,1366,3
1366_4,3974,1366,4
1366_5,3975,1366,5
1369_1,3976,1369,1
1369_2,3977,1369,2
1369_4,3978,1369,4
1369_5,3979,1369,5
1372_1,3980,1372,1
1372_2,3981,1372,2
1372_3,3982,1372,3
1372_4,3983,1372,4
1372_5,3984,1372,5
1375_1,3985,1375,1
1375_2,3986,1375,2
1375_3,3987,1375,3
1375_4,3988,1375,4
1375_5,3989,1375,5
1376_1,3990,1376,1
1376_2,3991,1376,2
1376_3,3992,1376,3
1376_4,3993,1376,4
1376_5,3994,1376,5
1377_1,3995,1377,1
1377_2,3996,1377,2
1377_3,3997,1377,3
1377_4,3998,1377,4
1377_5,3999,1377,5
1378_1,4000,1378,1
1378_2,4001,1378,2
1378_3,4002,1378,3
1378_4,4003,1378,4
1378_5,4004,1378,5
1379_1,4005,1379,1
1379_2,4006,1379,2
1379_3,4007,1379,3
1379_4,4008,1379,4
1379_5,4009,1379,5
1380_1,4010,1380,1
1380_2,4011,1380,2
1380_3,4012,1380,3
1380_4,4013,1380,4
1380_5,4014,1380,5
1381_1,4015,1381,1
1381_2,4016,1381,2
1381_3,4017,1381,3
1381_4,4018,1381,4
1381_5,4019,1381,5
1382_1,4020,1382,1
1382_2,4021,1382,2
1382_3,4022,1382,3
1382_4,4023,1382,4
1382_5,4024,1382,5
1383_1,4025,1383,1
1383_2,4026,1383,2
1383_3,4027,1383,3
1383_4,4028,1383,4
1383_5,4029,1383,5
1384_1,4030,1384,1
1384_2,4031,1384,2
1384_3,4032,1384,3
1384_4,4033,1384,4
1384_5,4034,1384,5
1385_1,4035,1385,1
1385_2,4036,1385,2
1385_3,4037,1385,3
1385_4,4038,1385,4
1385_5,4039,1385,5
1389_1,4040,1389,1
1389_2,4041,1389,2
1389_3,4042,1389,3
1389_4,4043,1389,4
1389_5,4044,1389,5
1390_1,4045,1390,1
1390_2,4046,1390,2
1390_3,4047,1390,3
1390_4,4048,1390,4
1390_5,4049,1390,5
1392_1,4050,1392,1
1392_2,4051,1392,2
1392_3,4052,1392,3
1392_4,4053,1392,4
1392_5,4054,1392,5
1394_1,4055,1394,1
1394_2,4056,1394,2
1394_3,4057,1394,3
1394_4,4058,1394,4
1394_5,4059,1394,5
1395_1,4060,1395,1
1395_2,4061,1395,2
1395_3,4062,1395,3
1395_4,4063,1395,4
1395_5,4064,1395,5
1396_1,4065,1396,1
1396_2,4066,1396,2
1396_3,4067,1396,3
1396_4,4068,1396,4
1396_5,4069,1396,5
1397_1,4070,1397,1
1397_2,4071,1397,2
1397_3,4072,1397,3
1397_4,4073,1397,4
1397_5,4074,1397,5
1398_1,4075,1398,1
1398_2,4076,1398,2
1398_3,4077,1398,3
1398_4,4078,1398,4
1398_5,4079,1398,5
1399_1,4080,1399,1
1399_2,4081,1399,2
1399_3,4082,1399,3
1399_4,4083,1399,4
1399_5,4084,1399,5
1400_1,4085,1400,1
1400_2,4086,1400,2
1400_3,4087,1400,3
1400_4,4088,1400,4
1400_5,4089,1400,5
1401_1,4090,1401,1
1401_2,4091,1401,2
1401_3,4092,1401,3
1401_4,4093,1401,4
1401_5,4094,1401,5
1402_1,4095,1402,1
1402_2,4096,1402,2
1402_3,4097,1402,3
1402_4,4098,1402,4
1402_5,4099,1402,5
1405_1,4100,1405,1
1405_2,4101,1405,2
1405_3,4102,1405,3
1405_4,4103,1405,4
1405_5,4104,1405,5
1406_1,4105,1406,1
1406_2,4106,1406,2
1406_3,4107,1406,3
1406_4,4108,1406,4
1406_5,4109,1406,5
1408_1,4110,1408,1
1408_2,4111,1408,2
1408_3,4112,1408,3
1408_4,4113,1408,4
1408_5,4114,1408,5
1409_1,4115,1409,1
1409_2,4116,1409,2
1409_3,4117,1409,3
1409_4,4118,1409,4
1409_5,4119,1409,5
1410_1,4120,1410,1
1410_2,4121,1410,2
1410_3,4122,1410,3
1410_4,4123,1410,4
1410_5,4124,1410,5
1411_1,4125,1411,1
1411_2,4126,1411,2
1411_3,4127,1411,3
1411_4,4128,1411,4
1411_5,4129,1411,5
1412_1,4130,1412,1
1412_2,4131,1412,2
1412_3,4132,1412,3
1412_4,4133,1412,4
1412_5,4134,1412,5
1414_1,4135,1414,1
1414_2,4136,1414,2
1414_3,4137,1414,3
1414_4,4138,1414,4
1415_1,4139,1415,1
1415_2,4140,1415,2
1415_3,4141,1415,3
1415_4,4142,1415,4
1415_5,4143,1415,5
1416_1,4144,1416,1
1416_2,4145,1416,2
1416_3,4146,1416,3
1416_4,4147,1416,4
1416_5,4148,1416,5
1418_1,4149,1418,1
1418_2,4150,1418,2
1418_3,4151,1418,3
1418_4,4152,1418,4
1418_5,4153,1418,5
1421_1,4154,1421,1
1421_2,4155,1421,2
1421_3,4156,1421,3
1421_4,4157,1421,4
1421_5,4158,1421,5
1422_1,4159,1422,1
1422_2,4160,1422,2
1422_3,4161,1422,3
1422_4,4162,1422,4
1422_5,4163,1422,5
1424_1,4164,1424,1
1424_2,4165,1424,2
1424_3,4166,1424,3
1424_4,4167,1424,4
1424_5,4168,1424,5
1425_1,4169,1425,1
1425_2,4170,1425,2
1425_3,4171,1425,3
1425_4,4172,1425,4
1425_5,4173,1425,5
1426_2,4174,1426,2
1426_3,4175,1426,3
1426_4,4176,1426,4
1426_5,4177,1426,5
1427_1,4178,1427,1
1427_2,4179,1427,2
1427_3,4180,1427,3
1427_4,4181,1427,4
1427_5,4182,1427,5
1428_1,4183,1428,1
1428_2,4184,1428,2
1428_3,4185,1428,3
1428_4,4186,1428,4
1428_5,4187,1428,5
1429_1,4188,1429,1
1429_2,4189,1429,2
1429_3,4190,1429,3
1429_4,4191,1429,4
1429_5,4192,1429,5
1430_1,4193,1430,1
1430_2,4194,1430,2
1430_3,4195,1430,3
1430_4,4196,1430,4
1430_5,4197,1430,5
1432_1,4198,1432,1
1432_2,4199,1432,2
1432_3,4200,1432,3
1432_4,4201,1432,4
1432_5,4202,1432,5
1433_1,4203,1433,1
1433_2,4204,1433,2
1433_3,4205,1433,3
1433_4,4206,1433,4
1433_5,4207,1433,5
