old_userID,new_userID
0,0
1,1
2,2
3,3
4,4
5,5
6,6
7,7
8,8
9,9
10,10
11,11
12,12
13,13
14,14
15,15
16,16
17,17
18,18
19,19
20,20
21,21
22,22
23,23
24,24
25,25
26,26
27,27
28,28
29,29
30,30
31,31
32,32
33,33
34,34
35,35
36,36
37,37
38,38
39,39
40,40
41,41
42,42
43,43
44,44
45,45
46,46
47,47
48,48
49,49
50,50
51,51
52,52
53,53
54,54
55,55
56,56
57,57
58,58
59,59
60,60
61,61
62,62
63,63
64,64
65,65
66,66
67,67
68,68
69,69
70,70
71,71
72,72
73,73
74,74
75,75
76,76
78,77
79,78
80,79
81,80
82,81
83,82
84,83
85,84
86,85
87,86
88,87
89,88
90,89
91,90
92,91
93,92
94,93
95,94
96,95
97,96
98,97
99,98
100,99
101,100
102,101
103,102
104,103
105,104
106,105
107,106
108,107
109,108
110,109
111,110
112,111
113,112
114,113
115,114
116,115
117,116
118,117
119,118
120,119
121,120
122,121
123,122
124,123
126,124
127,125
128,126
129,127
130,128
131,129
132,130
133,131
134,132
135,133
136,134
137,135
138,136
139,137
140,138
141,139
142,140
143,141
144,142
145,143
146,144
147,145
148,146
149,147
150,148
151,149
152,150
153,151
154,152
155,153
156,154
157,155
158,156
159,157
160,158
161,159
162,160
163,161
164,162
165,163
166,164
167,165
168,166
169,167
170,168
171,169
172,170
173,171
174,172
175,173
176,174
177,175
179,176
181,177
182,178
183,179
184,180
185,181
186,182
187,183
188,184
189,185
191,186
192,187
193,188
194,189
195,190
196,191
197,192
198,193
199,194
200,195
201,196
202,197
203,198
204,199
205,200
206,201
207,202
208,203
209,204
210,205
211,206
212,207
213,208
214,209
215,210
216,211
217,212
218,213
219,214
220,215
221,216
222,217
223,218
224,219
225,220
226,221
227,222
228,223
229,224
230,225
231,226
232,227
233,228
234,229
235,230
236,231
237,232
238,233
239,234
240,235
241,236
242,237
243,238
244,239
245,240
246,241
247,242
248,243
249,244
250,245
252,246
253,247
254,248
255,249
256,250
257,251
258,252
259,253
260,254
261,255
262,256
263,257
264,258
265,259
266,260
267,261
268,262
269,263
270,264
271,265
273,266
275,267
276,268
277,269
278,270
279,271
280,272
281,273
282,274
283,275
284,276
286,277
287,278
288,279
289,280
290,281
291,282
292,283
293,284
294,285
295,286
296,287
297,288
298,289
299,290
300,291
301,292
302,293
303,294
304,295
305,296
306,297
307,298
308,299
309,300
310,301
311,302
312,303
313,304
314,305
315,306
316,307
317,308
318,309
319,310
320,311
321,312
322,313
323,314
324,315
325,316
326,317
327,318
328,319
329,320
330,321
331,322
332,323
333,324
334,325
335,326
337,327
338,328
339,329
340,330
342,331
343,332
344,333
345,334
346,335
347,336
348,337
349,338
350,339
351,340
352,341
353,342
354,343
355,344
356,345
357,346
358,347
359,348
360,349
361,350
362,351
363,352
364,353
365,354
366,355
367,356
368,357
369,358
370,359
371,360
372,361
373,362
374,363
375,364
376,365
377,366
378,367
379,368
380,369
381,370
382,371
383,372
384,373
385,374
387,375
388,376
389,377
390,378
391,379
392,380
393,381
394,382
395,383
396,384
397,385
398,386
399,387
400,388
401,389
402,390
403,391
404,392
405,393
406,394
407,395
408,396
409,397
410,398
411,399
413,400
414,401
415,402
416,403
417,404
418,405
419,406
420,407
421,408
422,409
423,410
424,411
425,412
426,413
427,414
428,415
429,416
430,417
431,418
432,419
433,420
434,421
435,422
436,423
437,424
438,425
439,426
440,427
441,428
442,429
443,430
444,431
445,432
446,433
447,434
448,435
449,436
450,437
451,438
452,439
453,440
454,441
455,442
456,443
457,444
458,445
459,446
460,447
461,448
462,449
463,450
464,451
465,452
466,453
467,454
468,455
469,456
471,457
472,458
473,459
474,460
475,461
476,462
477,463
478,464
479,465
480,466
481,467
482,468
483,469
484,470
485,471
486,472
487,473
488,474
489,475
490,476
491,477
492,478
493,479
494,480
495,481
496,482
497,483
498,484
499,485
500,486
502,487
503,488
504,489
505,490
506,491
507,492
508,493
509,494
510,495
511,496
512,497
513,498
514,499
515,500
516,501
517,502
519,503
520,504
521,505
522,506
523,507
524,508
525,509
526,510
527,511
528,512
529,513
530,514
531,515
532,516
533,517
534,518
535,519
536,520
537,521
538,522
539,523
540,524
541,525
542,526
543,527
544,528
545,529
546,530
547,531
548,532
549,533
550,534
551,535
552,536
553,537
554,538
555,539
556,540
557,541
558,542
560,543
561,544
562,545
563,546
564,547
565,548
566,549
568,550
569,551
570,552
571,553
572,554
573,555
574,556
575,557
576,558
577,559
578,560
579,561
580,562
581,563
582,564
583,565
584,566
585,567
586,568
587,569
588,570
589,571
590,572
591,573
592,574
593,575
594,576
595,577
596,578
597,579
598,580
599,581
600,582
601,583
602,584
603,585
604,586
605,587
606,588
607,589
608,590
609,591
610,592
611,593
612,594
613,595
614,596
615,597
616,598
617,599
618,600
619,601
620,602
621,603
622,604
623,605
624,606
625,607
626,608
627,609
628,610
629,611
630,612
631,613
632,614
633,615
634,616
635,617
636,618
637,619
638,620
639,621
640,622
641,623
642,624
643,625
644,626
645,627
646,628
647,629
648,630
649,631
650,632
651,633
652,634
653,635
654,636
655,637
656,638
657,639
658,640
659,641
660,642
661,643
662,644
663,645
664,646
665,647
666,648
667,649
668,650
669,651
671,652
672,653
673,654
674,655
675,656
676,657
677,658
678,659
679,660
680,661
681,662
682,663
683,664
684,665
685,666
686,667
687,668
688,669
689,670
690,671
691,672
692,673
693,674
694,675
695,676
696,677
697,678
698,679
699,680
700,681
701,682
702,683
703,684
704,685
705,686
706,687
707,688
708,689
709,690
710,691
711,692
712,693
713,694
714,695
715,696
716,697
717,698
718,699
719,700
720,701
721,702
722,703
723,704
724,705
725,706
726,707
727,708
728,709
729,710
730,711
731,712
732,713
733,714
734,715
735,716
736,717
737,718
738,719
739,720
740,721
741,722
742,723
744,724
745,725
746,726
747,727
748,728
749,729
750,730
751,731
752,732
753,733
754,734
755,735
756,736
757,737
758,738
759,739
760,740
761,741
762,742
763,743
764,744
765,745
766,746
767,747
768,748
769,749
770,750
771,751
772,752
773,753
774,754
775,755
776,756
777,757
778,758
779,759
780,760
781,761
782,762
783,763
784,764
785,765
786,766
787,767
788,768
789,769
790,770
791,771
792,772
793,773
794,774
795,775
796,776
797,777
798,778
799,779
800,780
801,781
802,782
803,783
804,784
805,785
806,786
807,787
808,788
809,789
810,790
811,791
812,792
813,793
814,794
815,795
816,796
817,797
818,798
819,799
820,800
821,801
822,802
823,803
824,804
825,805
826,806
827,807
828,808
829,809
830,810
831,811
832,812
833,813
834,814
835,815
836,816
837,817
838,818
839,819
840,820
841,821
842,822
844,823
845,824
846,825
847,826
848,827
849,828
850,829
851,830
852,831
853,832
854,833
855,834
856,835
857,836
858,837
859,838
860,839
861,840
862,841
863,842
864,843
865,844
866,845
867,846
868,847
869,848
870,849
871,850
872,851
873,852
874,853
875,854
876,855
877,856
878,857
879,858
880,859
881,860
882,861
883,862
884,863
885,864
886,865
887,866
888,867
890,868
891,869
892,870
893,871
894,872
895,873
896,874
897,875
898,876
900,877
901,878
903,879
904,880
905,881
906,882
907,883
908,884
909,885
910,886
911,887
912,888
913,889
914,890
915,891
916,892
917,893
918,894
919,895
920,896
921,897
922,898
923,899
924,900
925,901
926,902
927,903
928,904
929,905
930,906
931,907
932,908
933,909
934,910
935,911
936,912
937,913
938,914
939,915
940,916
941,917
942,918
943,919
944,920
945,921
946,922
947,923
948,924
949,925
950,926
951,927
952,928
953,929
954,930
955,931
956,932
957,933
958,934
959,935
960,936
961,937
962,938
963,939
964,940
965,941
966,942
967,943
968,944
969,945
970,946
971,947
972,948
973,949
974,950
975,951
976,952
977,953
978,954
979,955
980,956
981,957
982,958
983,959
984,960
985,961
986,962
987,963
988,964
989,965
990,966
991,967
992,968
993,969
994,970
995,971
996,972
997,973
998,974
999,975
1000,976
1001,977
1002,978
1003,979
1004,980
1005,981
1006,982
1007,983
1009,984
1010,985
1011,986
1012,987
1013,988
1014,989
1015,990
1016,991
1017,992
1018,993
1019,994
1020,995
1021,996
1022,997
1023,998
1024,999
1025,1000
1026,1001
1027,1002
1028,1003
1029,1004
1031,1005
1032,1006
1033,1007
1034,1008
1035,1009
1036,1010
1037,1011
1038,1012
1039,1013
1040,1014
1041,1015
1042,1016
1043,1017
1044,1018
1045,1019
1046,1020
1047,1021
1048,1022
1049,1023
1050,1024
1052,1025
1053,1026
1054,1027
1055,1028
1056,1029
1057,1030
1058,1031
1060,1032
1061,1033
1062,1034
1063,1035
1064,1036
1065,1037
1066,1038
1067,1039
1068,1040
1069,1041
1070,1042
1071,1043
1072,1044
1073,1045
1074,1046
1075,1047
1076,1048
1077,1049
1078,1050
1079,1051
1080,1052
1081,1053
1082,1054
1083,1055
1084,1056
1085,1057
1086,1058
1087,1059
1088,1060
1089,1061
1090,1062
1091,1063
1092,1064
1093,1065
1094,1066
1095,1067
1096,1068
1097,1069
1098,1070
1099,1071
1100,1072
1101,1073
1102,1074
1103,1075
1104,1076
1105,1077
1106,1078
1107,1079
1108,1080
1109,1081
1110,1082
1111,1083
1112,1084
1113,1085
1114,1086
1115,1087
1116,1088
1117,1089
1118,1090
1119,1091
1120,1092
1121,1093
1122,1094
1123,1095
1124,1096
1125,1097
1126,1098
1127,1099
1128,1100
1129,1101
1130,1102
1132,1103
1133,1104
1134,1105
1135,1106
1136,1107
1137,1108
1138,1109
1139,1110
1140,1111
1141,1112
1142,1113
1143,1114
1144,1115
1145,1116
1146,1117
1147,1118
1148,1119
1149,1120
1150,1121
1151,1122
1152,1123
1153,1124
1154,1125
1155,1126
1156,1127
1157,1128
1158,1129
1159,1130
1160,1131
1161,1132
1162,1133
1163,1134
1164,1135
1165,1136
1166,1137
1167,1138
1168,1139
1169,1140
1170,1141
1171,1142
1172,1143
1173,1144
1174,1145
1175,1146
1176,1147
1177,1148
1178,1149
1179,1150
1180,1151
1181,1152
1182,1153
1183,1154
1184,1155
1185,1156
1186,1157
1187,1158
1188,1159
1189,1160
1190,1161
1191,1162
1192,1163
1193,1164
1194,1165
1195,1166
1196,1167
1197,1168
1198,1169
1199,1170
1200,1171
1201,1172
1202,1173
1203,1174
1204,1175
1205,1176
1206,1177
1207,1178
1208,1179
1209,1180
1210,1181
1211,1182
1212,1183
1213,1184
1214,1185
1215,1186
1216,1187
1217,1188
1218,1189
1219,1190
1220,1191
1221,1192
1222,1193
1223,1194
1224,1195
1225,1196
1226,1197
1227,1198
1228,1199
1229,1200
1230,1201
1231,1202
1232,1203
1233,1204
1234,1205
1235,1206
1236,1207
1237,1208
1238,1209
1239,1210
1240,1211
1241,1212
1242,1213
1243,1214
1245,1215
1246,1216
1247,1217
1248,1218
1249,1219
1250,1220
1251,1221
1252,1222
1253,1223
1254,1224
1255,1225
1256,1226
1257,1227
1258,1228
1259,1229
1260,1230
1261,1231
1262,1232
1263,1233
1264,1234
1265,1235
1266,1236
1267,1237
1269,1238
1270,1239
1271,1240
1272,1241
1273,1242
1275,1243
1276,1244
1277,1245
1278,1246
1279,1247
1280,1248
1281,1249
1282,1250
1283,1251
1284,1252
1285,1253
1286,1254
1287,1255
1288,1256
1289,1257
1290,1258
1291,1259
1292,1260
1293,1261
1294,1262
1295,1263
1296,1264
1297,1265
1298,1266
1299,1267
1300,1268
1301,1269
1302,1270
1303,1271
1304,1272
1305,1273
1306,1274
1307,1275
1308,1276
1309,1277
1310,1278
1311,1279
1312,1280
1313,1281
1314,1282
1315,1283
1316,1284
1317,1285
1318,1286
1319,1287
1320,1288
1321,1289
1322,1290
1323,1291
1324,1292
1325,1293
1326,1294
1327,1295
1328,1296
1329,1297
1331,1298
1333,1299
1334,1300
1335,1301
1336,1302
1337,1303
1338,1304
1339,1305
1340,1306
1342,1307
1343,1308
1344,1309
1345,1310
1346,1311
1347,1312
1348,1313
1349,1314
1350,1315
1351,1316
1352,1317
1353,1318
1354,1319
1355,1320
1356,1321
1357,1322
1358,1323
1359,1324
1360,1325
1361,1326
1362,1327
1363,1328
1364,1329
1365,1330
1366,1331
1367,1332
1368,1333
1369,1334
1370,1335
1371,1336
1372,1337
1373,1338
1374,1339
1375,1340
1376,1341
1377,1342
1378,1343
1379,1344
1380,1345
1381,1346
1382,1347
1383,1348
1384,1349
1385,1350
1386,1351
1387,1352
1388,1353
1389,1354
1390,1355
1391,1356
1392,1357
1393,1358
1394,1359
1395,1360
1396,1361
1397,1362
1398,1363
1399,1364
1400,1365
1401,1366
1402,1367
1403,1368
1404,1369
1405,1370
1406,1371
1407,1372
1408,1373
1409,1374
1410,1375
1411,1376
1412,1377
1413,1378
1414,1379
1415,1380
1416,1381
1417,1382
1418,1383
1419,1384
1420,1385
1421,1386
1422,1387
1423,1388
1424,1389
1425,1390
1426,1391
1427,1392
1428,1393
1429,1394
1430,1395
1431,1396
1432,1397
1433,1398
1434,1399
1435,1400
1436,1401
1437,1402
1438,1403
1439,1404
1440,1405
1441,1406
1442,1407
1443,1408
1444,1409
1445,1410
1446,1411
1447,1412
1448,1413
1449,1414
1450,1415
1451,1416
1452,1417
1453,1418
1454,1419
1455,1420
1456,1421
1457,1422
1458,1423
1459,1424
1460,1425
1461,1426
1462,1427
1463,1428
1464,1429
1465,1430
1466,1431
1467,1432
1468,1433
1469,1434
1470,1435
1471,1436
1472,1437
1473,1438
1474,1439
1475,1440
1476,1441
1477,1442
1478,1443
1479,1444
1480,1445
1481,1446
1482,1447
1483,1448
1484,1449
1485,1450
1486,1451
1487,1452
1488,1453
1489,1454
1490,1455
1491,1456
1492,1457
1493,1458
1494,1459
1495,1460
1496,1461
1497,1462
1498,1463
1499,1464
1500,1465
1501,1466
1502,1467
1503,1468
1504,1469
1505,1470
1506,1471
1508,1472
1509,1473
1510,1474
1511,1475
1512,1476
1513,1477
1514,1478
1515,1479
1516,1480
1517,1481
1518,1482
1519,1483
1520,1484
1521,1485
1522,1486
1523,1487
1524,1488
1525,1489
1526,1490
1527,1491
1528,1492
1529,1493
1530,1494
1531,1495
1532,1496
1533,1497
1534,1498
1535,1499
1536,1500
1537,1501
1538,1502
1539,1503
1540,1504
1541,1505
1542,1506
1543,1507
1545,1508
1546,1509
1547,1510
1548,1511
1549,1512
1550,1513
1551,1514
1552,1515
1553,1516
1555,1517
1556,1518
1557,1519
1558,1520
1559,1521
1560,1522
1561,1523
1562,1524
1563,1525
1564,1526
1565,1527
1566,1528
1567,1529
1568,1530
1569,1531
1570,1532
1571,1533
1572,1534
1573,1535
1574,1536
1575,1537
1576,1538
1577,1539
1578,1540
1579,1541
1580,1542
1581,1543
1582,1544
1583,1545
1584,1546
1585,1547
1586,1548
1587,1549
1588,1550
1590,1551
1591,1552
1592,1553
1593,1554
1594,1555
1595,1556
1597,1557
1598,1558
1599,1559
1600,1560
1601,1561
1603,1562
1604,1563
1605,1564
1606,1565
1607,1566
1608,1567
1609,1568
1610,1569
1611,1570
1612,1571
1613,1572
1614,1573
1615,1574
1616,1575
1617,1576
1618,1577
1619,1578
1620,1579
1621,1580
1622,1581
1623,1582
1624,1583
1625,1584
1626,1585
1627,1586
1628,1587
1629,1588
1630,1589
1631,1590
1632,1591
1633,1592
1634,1593
1635,1594
1636,1595
1637,1596
1638,1597
1639,1598
1640,1599
1641,1600
1642,1601
1643,1602
1644,1603
1645,1604
1646,1605
1647,1606
1648,1607
1649,1608
1650,1609
1651,1610
1652,1611
1653,1612
1654,1613
1655,1614
1657,1615
1658,1616
1659,1617
1660,1618
1661,1619
1662,1620
1663,1621
1664,1622
1665,1623
1666,1624
1667,1625
1668,1626
1669,1627
1670,1628
1671,1629
1672,1630
1673,1631
1675,1632
1676,1633
1677,1634
1678,1635
1679,1636
1680,1637
1681,1638
1682,1639
1683,1640
1684,1641
1685,1642
1686,1643
1687,1644
1689,1645
1690,1646
1691,1647
1692,1648
1694,1649
1695,1650
1696,1651
1697,1652
1698,1653
1699,1654
1700,1655
1701,1656
1702,1657
1703,1658
1704,1659
1705,1660
1706,1661
1707,1662
1709,1663
1710,1664
1712,1665
1713,1666
1714,1667
1715,1668
1717,1669
1718,1670
1719,1671
1720,1672
1721,1673
1722,1674
1723,1675
1724,1676
1725,1677
1726,1678
1727,1679
1728,1680
1729,1681
1730,1682
1731,1683
1732,1684
1733,1685
1734,1686
1735,1687
1736,1688
1737,1689
1738,1690
1739,1691
1740,1692
1742,1693
1743,1694
1744,1695
1745,1696
1746,1697
1747,1698
1748,1699
1749,1700
1750,1701
1751,1702
1752,1703
1753,1704
1754,1705
1755,1706
1756,1707
1757,1708
1759,1709
1760,1710
1761,1711
1762,1712
1763,1713
1764,1714
1765,1715
1766,1716
1767,1717
1768,1718
1769,1719
1770,1720
1771,1721
1772,1722
1774,1723
1775,1724
1776,1725
1777,1726
1778,1727
1779,1728
1780,1729
1781,1730
1782,1731
1784,1732
1785,1733
1786,1734
1787,1735
1788,1736
1789,1737
1790,1738
1791,1739
1792,1740
1793,1741
1794,1742
1795,1743
1796,1744
1797,1745
1798,1746
1799,1747
1800,1748
1801,1749
1802,1750
1803,1751
1804,1752
1805,1753
1806,1754
1807,1755
1808,1756
1809,1757
1810,1758
1811,1759
1812,1760
1813,1761
1814,1762
1815,1763
1816,1764
1817,1765
1818,1766
1819,1767
1820,1768
1821,1769
1822,1770
1823,1771
1824,1772
1825,1773
1826,1774
1827,1775
1828,1776
1829,1777
1830,1778
1831,1779
1832,1780
1833,1781
1834,1782
1835,1783
1836,1784
1837,1785
1838,1786
1839,1787
1840,1788
1841,1789
1842,1790
1843,1791
1844,1792
1845,1793
1846,1794
1847,1795
1848,1796
1849,1797
1850,1798
1851,1799
1852,1800
1854,1801
1855,1802
1856,1803
1857,1804
